species,decimalLatitude,decimalLongitude
ambiguus,31.24166,-108.99495
ambiguus,31.371049,-108.934998
ambiguus,31.25617,-111.92206
ambiguus,31.219689,-108.95511
ambiguus,30.778611,-110.915
ambiguus,31.305278,-108.887222
ambiguus,30.0797053,-108.1306522
balsensis,17.762895,-99.376414
balsensis,17.55,-99.5
balsensis,17.55,-99.5
balsensis,17.55,-99.5
balsensis,17.561619,-98.934363
balsensis,17.5,-99.5
balsensis,17.5,-99.5
balsensis,17.5,-99.5
balsensis,17.5,-99.5
balsensis,17.55,-99.5
balsensis,17.55,-99.5
balsensis,17.55,-99.5
balsensis,17.538852,-99.413498
balsensis,17.571939,-98.190421
balsensis,17.57611,-99.59722
balsensis,17.38611,-99.51667
balsensis,17.835,-99.74472
balsensis,17.39167,-99.525
balsensis,17.58778,-99.01833
balsensis,17.58778,-99.01833
balsensis,17.30022,-98.01694
balsensis,17.589444,-99.288333
balsensis,17.052778,-98.669722
balsensis,17.4655661,-99.2815515
balsensis,17.36667,-97.83333
balsensis,16.244444,-96.272222
balsensis,17.3,-97.85
balsensis,17.63972,-99.7294
balsensis,17.56472,-99.5525
balsensis,17.217,-97.717
balsensis,16.278333,-96.301389
balsensis,17.375,-97.841667
balsensis,17.457222,-99.486111
balsensis,17.375,-97.841667
balsensis,17.326389,-97.718056
balsensis,17.5886099,-99.3663959
balsensis,17.184091,-97.946763
balsensis,22.08333,-101
balsensis,17.71667,-97.16667
balsensis,17.31,-98.09778
balsensis,17.36667,-97.83333
balsensis,17.166667,-97.914722
balsensis,17.6,-99.45
balsensis,17.526139,-99.475764
balsensis,17.543552,-99.4697
balsensis,17.592649,-99.117966
balsensis,17.537806,-99.473583
balsensis,17.563889,-99.046111
balsensis,17.261389,-98.001389
balsensis,17.308333,-97.858333
balsensis,17.325833,-97.804444
balsensis,17.285833,-97.849444
balsensis,17.5583877,-99.2508891
balsensis,17.366667,-97.833333
balsensis,17.716667,-97.166667
balsensis,17.414992,-97.60765
balsensis,17.310386,-97.712886
balsensis,17.309889,-98.097861
balsensis,22.083333,-101
balsensis,17.3733421,-98.4427965
balsensis,17.4984942,-98.3839765
balsensis,17.835,-99.744722
balsensis,17.845,-99.764167
balsensis,17.64,-99.729722
balsensis,17.695,-99.534722
balsensis,17.635,-99.768056
balsensis,17.461667,-98.385
balsensis,17.461667,-98.385
balsensis,17.576111,-99.597222
balsensis,17.357222,-99.481111
balsensis,17.241111,-98.673611
balsensis,17.28,-97.87
barbatus,27.194722,-103.779444
barbatus,20.2,-98.716667
barbatus,20.847192,-100.920762
barbatus,20.847182,-100.920747
barbatus,21.922381,-101.887042
barbatus,23.919394,-104.998211
barbatus,19.46979,-99.258218
barbatus,17.547539,-97.312665
barbatus,21.281315,-99.878025
barbatus,20.953495,-100.134232
barbatus,21.025038,-101.227513
barbatus,21.379768,-101.636119
barbatus,21.004297,-101.380747
barbatus,20.528285,-101.903343
barbatus,21.260357,-101.324908
barbatus,17.11667,-96.3
barbatus,19.999997,-99.247607
barbatus,19.188333,-99.221944
barbatus,18.833333,-98
barbatus,18.066667,-96.533333
barbatus,32.266667,-114.816667
barbatus,27.400556,-99.946667
barbatus,21.313854,-102.122934
barbatus,19.9,-102.36667
barbatus,19.91,-101.764
barbatus,20.994838,-101.251543
barbatus,19.062666,-98.339495
barbatus,19.590219,-99.081772
barbatus,19.246033,-99.212836
barbatus,28.794666,-106.493268
barbatus,28.817829,-106.501304
barbatus,28.786316,-106.502495
barbatus,28.79083,-106.496572
barbatus,28.791973,-106.514847
barbatus,19.243849,-99.215315
barbatus,19.262135,-99.20735
barbatus,19.746123,-99.246644
barbatus,19.296956,-99.198315
barbatus,19.296218,-99.197104
barbatus,19.289467,-99.197423
barbatus,19.196111,-100.110278
barbatus,19.47388,-99.29615
barbatus,19.3258,-98.996703
barbatus,19.245768,-99.212063
barbatus,19.328329,-98.991069
barbatus,19.287955,-99.199583
barbatus,19.259361,-99.212156
barbatus,19.266189,-99.214171
barbatus,19.259686,-99.211328
barbatus,19.344387,-99.091782
barbatus,19.293797,-99.19857
barbatus,19.345042,-99.090093
barbatus,19.344519,-99.091812
barbatus,19.259556,-99.211623
barbatus,19.344525,-99.087919
barbatus,19.564553,-99.115526
barbatus,19.541328,-98.453615
barbatus,19.070836,-98.347928
barbatus,19.290643,-99.187248
barbatus,16.25499,-96.687135
barbatus,19.326577,-99.180476
barbatus,19.552244,-99.157325
barbatus,19.329171,-99.238895
barbatus,19.486088,-98.801987
barbatus,20.457121,-99.869348
barbatus,19.323433,-99.18463
barbatus,19.32328,-99.185167
barbatus,19.247364,-99.214244
barbatus,19.605073,-99.111937
barbatus,19.35202,-98.228067
barbatus,17.388663,-97.957367
barbatus,19.304454,-99.210572
barbatus,20.678475,-99.797902
barbatus,21.081375,-99.661887
barbatus,19.347559,-99.262246
barbatus,19.527634,-99.133974
barbatus,19.612276,-99.120476
barbatus,20.766267,-103.372313
barbatus,19.321201,-99.189257
barbatus,21.743311,-102.737522
barbatus,19.310295,-99.68838
barbatus,19.507528,-99.114258
barbatus,17.858617,-96.906848
barbatus,20.679084,-99.800209
barbatus,17.56032,-97.48275
barbatus,21.714047,-102.652412
barbatus,19.270036,-99.200807
barbatus,20.331583,-103.224785
barbatus,19.32727,-99.088578
barbatus,20.862599,-100.715631
barbatus,21.098583,-99.660481
barbatus,19.023456,-99.153542
barbatus,19.543354,-99.313905
barbatus,19.331147,-99.233349
barbatus,16.700838,-97.022388
barbatus,19.001341,-100.054423
barbatus,19.311829,-99.687616
barbatus,21.275278,-100.403611
barbatus,19.069217,-98.345603
barbatus,19.733638,-99.256553
barbatus,20.701151,-103.586835
barbatus,20.717679,-103.526698
barbatus,19.401748,-99.216517
barbatus,19.246105,-99.212801
barbatus,19.259412,-99.21538
barbatus,26.834444,-106.003611
barbatus,23.591667,-104.025555
barbatus,28.406111,-107.411667
barbatus,23.725439,-104.125425
barbatus,24.921111,-105.214167
barbatus,25.57535,-106.508815
barbatus,23.841667,-104.758333
barbatus,25.643056,-105.694444
barbatus,25.358696,-105.758799
barbatus,23.930556,-104.906389
barbatus,24.931111,-104.787222
barbatus,23.740833,-103.780278
barbatus,27.148333,-107.567222
barbatus,25.800306,-105.870222
barbatus,23.930556,-104.906389
barbatus,28.434444,-107.350555
barbatus,25.105318,-105.56198
barbatus,29.083056,-106.616389
barbatus,24.9275,-104.783889
barbatus,23.622222,-104.053611
barbatus,29.072222,-106.524722
barbatus,23.768611,-104.425278
barbatus,26.950556,-106.578333
barbatus,23.801111,-104.7625
barbatus,19.491667,-98.808333
barbatus,19.375,-98.875
barbatus,19.325,-98.441667
barbatus,19.9183039,-99.2379738
barbatus,17.287488,-97.687325
barbatus,17.43368,-97.457032
barbatus,17.329601,-96.454899
barbatus,19.315939,-99.186861
barbatus,20.988491,-101.373086
barbatus,28.183,-108.211083
barbatus,28.183,-108.211083
barbatus,28.183,-108.211083
barbatus,19.682833,-101.135861
barbatus,27.400556,-99.946667
barbatus,21.313854,-102.122934
barbatus,18.066667,-96.533333
barbatus,19.9,-102.36667
barbatus,19.999997,-99.247607
barbatus,32.266667,-114.816667
barbatus,18.833333,-98
barbatus,19.188333,-99.221944
barbatus,17.11667,-96.3
barbatus,16.55,-96.96
barbatus,22.174653,-101.1812
barbatus,19.97575,-100.097722
barbatus,19.97575,-100.097722
barbatus,19.293797,-99.19857
barbatus,19.293797,-99.19857
barbatus,19.503396,-99.106131
barbatus,20.984629,-101.253286
barbatus,19.257442,-99.138778
barbatus,19.73249,-99.230309
barbatus,17.289654,-96.620708
barbatus,19.573248,-99.142092
barbatus,19.250456,-99.200747
barbatus,19.262006,-99.215696
barbatus,19.565497,-99.163136
barbatus,19.586891,-99.127237
barbatus,19.262006,-99.215696
barbatus,23.901863,-105.031836
barbatus,21.327367,-99.662833
barbatus,19.262006,-99.215696
barbatus,18.907165,-98.311363
barbatus,19.326162,-98.99813
barbatus,19.572092,-99.141841
barbatus,19.262006,-99.215696
barbatus,19.262006,-99.215696
barbatus,19.591862,-99.089706
barbatus,21.200256,-101.546931
barbatus,19.260388,-99.138474
barbatus,19.070813,-98.34959
barbatus,19.410676,-99.323157
barbatus,19.288391,-99.198868
barbatus,19.289549,-99.196721
barbatus,20.84082,-100.756697
barbatus,19.26397,-99.204643
barbatus,19.296962,-99.198458
barbatus,19.296702,-99.197524
barbatus,19.304057,-99.209746
barbatus,19.304485,-99.210247
barbatus,19.296483,-99.197355
barbatus,19.296076,-99.19685
barbatus,19.407306,-99.217137
barbatus,19.304271,-99.21038
barbatus,17.8347,-99.4025
barbatus,19.304044,-99.209859
barbatus,20.242625,-103.911344
barbatus,19.296267,-99.197151
barbatus,19.304383,-99.210708
barbatus,19.295976,-99.196486
barbatus,19.296457,-99.197312
barbatus,19.288418,-99.201537
barbatus,19.316513,-99.18335
barbatus,23.679423,-104.726291
barbatus,19.408235,-99.218327
barbatus,20.070072,-101.252403
barbatus,19.263046,-99.202154
barbatus,20.183677,-101.133566
barbatus,19.556865,-99.116514
barbatus,18.907208,-98.310884
barbatus,21.379768,-101.636119
barbatus,20.499748,-101.731836
barbatus,19.583279,-99.104897
barbatus,22.3,-100.819
barbatus,19.26195,-99.136628
barbatus,19.305476,-99.173425
barbatus,19.408059,-99.217759
barbatus,21.979013,-102.355106
barbatus,19.317604,-99.194885
barbatus,20.2,-98.733333
barbatus,19.319961,-99.185362
barbatus,19.608183,-99.090339
barbatus,19.294132,-99.192467
barbatus,18.203889,-101.447222
barbatus,19.326605,-99.180458
barbatus,23.75899,-105.403278
barbatus,21.548886,-100.392385
barbatus,25.346534,-98.331957
barbatus,19.252415,-99.135963
barbatus,19.329193,-99.239729
barbatus,19.253588,-99.206842
barbatus,17.176097,-96.737258
barbatus,19.261129,-99.189667
barbatus,17.158065,-96.720472
barbatus,19.344835,-99.087129
barbatus,19.250172,-99.141572
barbatus,19.297299,-99.199474
barbatus,19.322088,-99.144303
barbatus,19.214506,-99.043616
barbatus,19.59265,-99.075273
barbatus,20.691002,-99.836334
barbatus,17.883615,-97.346669
barbatus,19.495552,-98.814462
barbatus,19.257956,-99.139633
barbatus,17.889081,-97.342722
barbatus,19.579936,-99.082412
barbatus,20.135764,-98.702507
barbatus,19.16995,-98.977159
barbatus,19.310469,-99.706863
barbatus,19.576059,-99.08268
barbatus,16.28917,-96.629609
barbatus,19.496208,-98.818355
barbatus,20.027032,-99.150202
barbatus,19.329471,-99.241328
barbatus,21.330345,-101.561462
barbatus,19.31327,-99.180778
barbatus,19.247255,-99.214216
barbatus,21.876647,-102.423033
barbatus,19.705833,-101.137117
barbatus,21.882345,-102.419358
barbatus,21.87725,-102.423187
barbatus,21.877328,-102.422713
barbatus,21.877328,-102.423255
barbatus,21.876663,-102.423125
barbatus,20.681104,-99.800587
barbatus,17.43368,-97.457032
barbatus,19.467041,-99.292633
barbatus,20.811797,-100.519958
barbatus,19.254051,-99.203683
barbatus,18.866339,-98.251472
barbatus,19.362495,-98.50684
barbatus,19.6208,-98.096
barbatus,17.148333,-96.724722
barbatus,20.404781,-100.26635
barbatus,19.06902,-98.346082
barbatus,18.905268,-98.303218
barbatus,19.748129,-98.840141
barbatus,19.238426,-99.144557
barbatus,20.684475,-99.801296
barbatus,20.118879,-99.81394
barbatus,19.254656,-99.141761
barbatus,17.24889,-96.4611
barbatus,20.13597,-98.6981
barbatus,20.79856,-99.2539
barbatus,21.98667,-100.661
barbatus,23.93056,-104.90639
barbatus,23.80111,-104.7625
barbatus,20.92528,-100.37833
barbatus,20.067,-99.1083
barbatus,19.24833,-99.19722
barbatus,17.86667,-97.85
barbatus,17.68306,-97.42722
barbatus,16.31917,-96.30139
barbatus,19.317,-99.197
barbatus,17.84056,-97.54917
barbatus,25.167,-103.25
barbatus,18.57194,-99.58
barbatus,17.31667,-98.05
barbatus,17.31928,-98.07625
barbatus,17.35,-98.01667
barbatus,21.148,-101.19292
barbatus,17.475,-97.558333
barbatus,17.31667,-98.06667
barbatus,18.025,-97.558333
barbatus,17.7,-97.41667
barbatus,17.83333,-97.55
barbatus,17.691667,-97.441667
barbatus,17.83333,-97.6
barbatus,17.691667,-97.441667
barbatus,28.65,-105.3
barbatus,19.683,-101.117
barbatus,28.123684,-107.52147
barbatus,25.10833,-103.225
barbatus,26.932734,-105.663494
barbatus,22.06894,-100.528
barbatus,28.241305,-106.837167
barbatus,17.54572,-97.31017
barbatus,20.80336,-99.2628
barbatus,19.97575,-100.098
barbatus,16.54683,-95.9525
barbatus,16.252,-96.535
barbatus,19.60694,-101.38806
barbatus,21.552,-101.677
barbatus,28.26768,-106.89336
barbatus,19.60361,-101.38722
barbatus,19.27111,-99.17028
barbatus,17.49989,-97.45697
barbatus,17.115,-96.71
barbatus,20.1125,-99.4625
barbatus,17.367,-96.817
barbatus,19.58583,-99.13167
barbatus,17.31587,-96.43948
barbatus,20.0475,-99.09
barbatus,20.05917,-99.12778
barbatus,17.46639,-97.115
barbatus,28.783,-105.15
barbatus,18.01667,-97.53333
barbatus,17.592389,-97.417389
barbatus,19.78,-98.54667
barbatus,23.39778,-105.81028
barbatus,17.33283,-98.06364
barbatus,19.88306,-101.435
barbatus,26.956137,-106.629513
barbatus,17.31667,-98.05
barbatus,18.158333,-97.541667
barbatus,17.22614,-97.71961
barbatus,28.5,-108.5
barbatus,17.291667,-96.908333
barbatus,20.16528,-99.017
barbatus,17.958333,-97.208333
barbatus,17.667,-97.417
barbatus,20.17917,-99.12639
barbatus,18.025,-97.558333
barbatus,17.825,-97.491667
barbatus,19.9,-102.367
barbatus,23.7,-99.75
barbatus,18.461667,-99.441667
barbatus,23.45583,-104.08333
barbatus,20.116633,-98.36173
barbatus,28.48333,-105.3
barbatus,19.260142,-99.142547
barbatus,19.248919,-99.141708
barbatus,18.893489,-98.073468
barbatus,19.725303,-99.905302
barbatus,19.48232,-98.058318
barbatus,19.48535,-97.79663
barbatus,19.366681,-98.226866
barbatus,17.521469,-97.369568
barbatus,20.010825,-98.338511
barbatus,19.493851,-98.819827
barbatus,19.4599,-98.784286
barbatus,19.31627,-99.191313
barbatus,19.257622,-99.138603
barbatus,19.257381,-99.139122
barbatus,21.929988,-101.913986
barbatus,19.317642,-99.193717
barbatus,20.83502,-101.045015
barbatus,19.261906,-99.136711
barbatus,20.83502,-101.045015
barbatus,21.950972,-101.069137
barbatus,28.2147,-107.4811
barbatus,19.261733,-99.136811
barbatus,19.261739,-99.136878
barbatus,19.263089,-99.142158
barbatus,17.513796,-97.301224
barbatus,17.513729,-97.30085
barbatus,22.024361,-100.996361
barbatus,22.024361,-100.996361
barbatus,21.921687,-101.86635
barbatus,21.51486,-101.36409
barbatus,22.029035,-100.99097
barbatus,21.485019,-101.351967
barbatus,21.940453,-101.916575
barbatus,21.921962,-101.91409
barbatus,21.486985,-101.359771
barbatus,21.389484,-101.64241
barbatus,21.398732,-101.655544
barbatus,21.969793,-101.082287
barbatus,21.969793,-101.082287
barbatus,22.027728,-100.947018
barbatus,19.507491,-99.110879
barbatus,19.314567,-99.183013
barbatus,19.314567,-99.183013
barbatus,19.478883,-98.096869
barbatus,27.19,-103.78
barbatus,16.91403,-97.57533
barbatus,23.88606,-99.80697
barbatus,16.91897,-97.61369
barbatus,16.92,-97.59167
barbatus,16.91803,-97.62178
barbatus,19.592629,-99.189094
barbatus,17.722635,-97.318703
barbatus,19.509689,-98.802292
barbatus,19.437005,-102.040704
barbatus,22.192717,-102.570427
barbatus,19.364331,-99.22495
barbatus,19.507614,-99.114303
barbatus,20.647936,-101.094687
barbatus,20.017709,-99.083427
barbatus,19.603035,-99.09092
barbatus,19.343889,-99.09
barbatus,19.209216,-99.118727
barbatus,19.483728,-99.257277
barbatus,22.337076,-103.595774
barbatus,19.325345,-99.182312
barbatus,19.507986,-99.112812
barbatus,19.459593,-98.767397
barbatus,19.608063,-99.114988
barbatus,19.324923,-99.181951
barbatus,19.946289,-99.980667
barbatus,19.588829,-98.87045
barbatus,21.751311,-102.720432
barbatus,18.90707,-98.310557
barbatus,19.801855,-99.881775
barbatus,19.603285,-99.120339
barbatus,19.607873,-99.095121
barbatus,24.020298,-104.695463
barbatus,19.536976,-98.626061
barbatus,19.368933,-99.253946
barbatus,18.905048,-98.307422
barbatus,28.342907,-106.698572
barbatus,19.6387,-101.187559
barbatus,20.17026,-100.47907
barbatus,20.755362,-99.759411
barbatus,19.797598,-98.99094
barbatus,20.821836,-100.452126
barbatus,19.069267,-98.345562
barbatus,25.638199,-105.708261
barbatus,19.3441,-99.3473
barbatus,28.78333,-105.15
barbatus,19.68333,-101.11667
barbatus,21.66667,-102.225
barbatus,19.3441,-99.3473
barbatus,25.16667,-103.25
barbatus,23.86667,-104.76667
barbatus,25.16667,-103.25
barbatus,28.65,-105.3
barbatus,17.22611,-97.71972
barbatus,20.08333,-99.02917
barbatus,19.2207,-99.2127
barbatus,25.10833,-103.225
barbatus,19.9,-102.36667
barbatus,22.16667,-101.15
barbatus,20.1375,-98.695833
barbatus,22.361667,-103.621667
barbatus,16.741944,-97.039444
barbatus,21.340556,-101.49
barbatus,18.934167,-98.137778
barbatus,19.328611,-99.185
barbatus,20.783333,-100.033333
barbatus,19.616667,-101.133333
barbatus,19.616711,-101.132961
barbatus,16.491944,-96.981944
barbatus,17.122222,-96.7
barbatus,19.4375,-100.358611
barbatus,20.716667,-103.630555
barbatus,19.625,-99.313889
barbatus,18.7,-97.366667
barbatus,17.102597,-96.699958
barbatus,19.804444,-99.960555
barbatus,20.959444,-103.431667
barbatus,21.011389,-101.361389
barbatus,18.894722,-98.123611
barbatus,20.133611,-98.708333
barbatus,20.783056,-103.493611
barbatus,21.305,-100.278333
barbatus,21.257394,-100.163497
barbatus,20.9475,-100.150278
barbatus,16.252222,-96.534167
barbatus,20.926111,-99.551667
barbatus,20.133333,-98.666667
barbatus,21.157222,-99.695555
barbatus,19.816667,-99.2
barbatus,19.696111,-99.265278
barbatus,19.633333,-99.4
barbatus,20.825042,-100.773055
barbatus,20.112778,-100.001528
barbatus,20.750083,-99.972055
barbatus,20.756944,-99.968611
barbatus,19.3022907,-99.1826043
barbatus,19.323334,-99.184871
barbatus,19.587387,-99.149971
barbatus,19.339395,-98.267952
barbatus,19.33007,-98.284477
barbatus,26.740001,-107.06064
barbatus,19.310899,-99.182552
barbatus,24.939215,-104.794636
barbatus,20.745533,-99.753114
barbatus,23.916667,-105
barbatus,20.220008,-98.736156
barbatus,20.346547,-98.359504
barbatus,19.521686,-99.293183
barbatus,21.542692,-100.371039
barbatus,24.757222,-100.006111
barbatus,19.466977,-98.085072
barbatus,20.26556,-104.15611
barbatus,21.91667,-102.66667
barbatus,23.91778,-105
barbatus,23.86667,-104.76667
barbatus,20.861181,-99.591317
barbatus,23.60795,-104.702274
barbatus,19.356572,-99.068297
barbatus,19.318042,-99.192651
barbatus,20.809444,-100.536392
barbatus,19.54133,-99.288391
barbatus,20.806878,-100.532014
barbatus,20.821487,-100.548714
barbatus,21.930006,-101.888161
barbatus,21.934821,-101.813466
barbatus,21.866023,-101.843043
barbatus,21.496867,-101.392423
barbatus,32.299509,-116.543119
barbatus,19.858918,-98.606708
barbatus,19.621944,-99.313056
barbatus,23.937349,-104.877291
barbatus,28.55514,-107.492401
barbatus,27.530458,-107.611194
barbatus,19.97575,-100.097722
barbatus,19.97575,-100.097722
barbatus,21.318534,-101.634132
barbatus,19.507616,-99.305755
barbatus,19.470529,-99.269363
barbatus,22.050477,-101.009806
barbatus,22.2273,-102.111
barbatus,21.9174,-102.608
barbatus,19.3192,-99.2057
barbatus,28.546,-107.457
barbatus,23.3925,-104.252
barbatus,21.9001,-102.574
barbatus,19.7897,-103.484
barbatus,19.3174,-99.1825
barbatus,19.3441,-99.3473
barbatus,21.6411,-101.652
barbatus,30.6338,-108.893
barbatus,23.918,-104.953
barbatus,23.7152,-103.78
barbatus,19.2207,-99.2127
barbatus,19.6178,-101.133
barbatus,19.4372,-100.358
barbatus,21.723,-101.674
barbatus,29.1564,-106.362
barbatus,19.2525,-99.1007
barbatus,23.9084,-104.998
barbatus,23.9212,-104.946
barbatus,19.3013,-99.204
barbatus,25.3555,-105.763
barbatus,21.7681,-102.588
barbatus,21.6655,-102.295
barbatus,19.4475,-99.3176
barbatus,19.9,-102.366667
barbatus,17.1167,-96.3
barbatus,23.9923,-104.746
barbatus,20.1717,-98.7345
barbatus,19.9678,-99.4364
barbatus,19.233519,-99.117148
barbatus,19.87255,-99.793154
barbatus,17.211027,-96.732023
barbatus,25.261837,-105.630411
barbatus,20.219687,-98.71994
barbatus,16.252471,-96.532466
barbatus,28.594037,-105.887088
barbatus,28.594037,-105.887088
barbatus,20.176178,-98.724869
barbatus,17.544428,-97.322629
barbatus,19.329141,-98.888324
barbatus,19.568377,-99.158167
barbatus,17.116661,-96.698108
barbatus,21.106779,-100.193718
barbatus,17.4469,-96.493095
barbatus,20.994261,-101.252323
barbatus,20.994791,-101.251522
barbatus,23.770387,-104.385472
barbatus,25.083333,-105.533333
barbatus,23.866667,-104.766667
barbatus,19.262881,-99.182093
barbatus,21.35,-103.221944
barbatus,17.115833,-96.692555
barbatus,23.461778,-103.090167
barbatus,23.931933,-104.917183
barbatus,20.9175,-99.543055
barbatus,23.97735,-104.784433
barbatus,21.723333,-101.663333
barbatus,22.361667,-103.621667
barbatus,21.551717,-101.67725
barbatus,17.707222,-97.387222
barbatus,17.114861,-96.710417
barbatus,17.641111,-97.648333
barbatus,16.251611,-96.534694
barbatus,22.170889,-102.521417
barbatus,20.137694,-98.695833
barbatus,18.894667,-98.123639
barbatus,21.118056,-99.648055
barbatus,21.371944,-99.821389
barbatus,22.099806,-100.693417
barbatus,18.936194,-98.113917
barbatus,28.791667,-105.158333
barbatus,20.915,-100.200278
barbatus,20.194667,-98.737361
barbatus,20.915,-100.200278
barbatus,18.94075,-98.136028
barbatus,21.3125,-100.236389
barbatus,16.491453,-96.984114
barbatus,18.934083,-98.13775
barbatus,17.807139,-97.343306
barbatus,17.066389,-96.722222
barbatus,16.71975,-97.025472
barbatus,18.977778,-98.020833
barbatus,17.705556,-99.823056
barbatus,17.696389,-99.870278
barbatus,17.7275,-99.894167
barbatus,17.7275,-99.894167
barbatus,23.4,-104.177778
barbatus,20.170833,-98.729167
barbatus,20.133333,-98.716667
barbatus,20.065278,-98.591667
barbatus,20.183333,-98.7375
barbatus,20.170833,-98.729167
barbatus,20.183333,-98.7375
barbatus,20.125,-98.6625
barbatus,20.125,-98.683333
barbatus,23.967985,-104.8178751
barbatus,17.226111,-97.717917
barbatus,17.695917,-97.403033
barbatus,19.232092,-99.228858
barbatus,19.210322,-99.468669
barbatus,20.381698,-103.5610801
barbatus,16.208919,-96.335963
barbatus,28.282783,-106.771883
barbatus,19.422862,-99.2133995
barbatus,25.134106,-103.231158
barbatus,19.483783,-100.444754
barbatus,19.9,-102.366667
barbatus,19.6894915,-101.0863175
barbatus,20.083333,-99.029167
barbatus,25.3313541,-103.2650287
barbatus,21.846111,-102.718331
barbatus,20.802864,-103.591211
barbatus,28.863785,-106.345507
barbatus,20.623461,-99.312219
barbatus,28.7422426,-105.111874
barbatus,20.310822,-99.728458
barbatus,28.863785,-106.345507
barbatus,19.288889,-99.251389
barbatus,22.166667,-101.15
barbatus,18.623497,-97.404983
barbatus,28.65,-105.3
barbatus,24.003978,-104.841156
barbatus,16.251325,-96.551547
barbatus,19.3089543,-99.2251054
barbatus,19.3151841,-99.1927736
barbatus,23.866667,-104.766667
barbatus,23.9282975,-104.8553378
barbatus,19.422862,-99.2133995
barbatus,17.426839,-96.105308
barbatus,20.172242,-98.736111
barbatus,19.3425,-99.221389
barbatus,19.778889,-99.314167
barbatus,19.4545093,-98.9673298
barbatus,19.3894892,-99.3276401
barbatus,19.641667,-99.336389
barbatus,20.174444,-98.731389
barbatus,19.5369131,-98.7598931
barbatus,19.496667,-98.8175
barbatus,19.6961639,-99.3056716
barbatus,19.4181207,-99.3801174
barbatus,19.3072804,-99.1985327
barbatus,19.656667,-99.378611
barbatus,20.174444,-98.731389
barbatus,19.4783977,-98.7923257
barbatus,20.174444,-98.731389
barbatus,20.0634872,-98.593416
barbatus,19.754167,-99.244722
barbatus,19.770556,-99.261944
barbatus,19.3425,-99.221389
barbatus,19.641667,-99.336389
barbatus,19.656667,-99.378611
barbatus,19.770556,-99.261944
barbatus,19.9875,-99.174722
barbatus,19.770556,-99.261944
barbatus,19.306667,-99.195
barbatus,19.754167,-99.244722
barbatus,24.241667,-106.433333
barbatus,23.4225,-105.802222
barbatus,23.443056,-105.851389
barbatus,17.642806,-97.120306
barbatus,18.054361,-97.003444
barbatus,23.425,-104.141667
barbatus,23.408333,-104.175
barbatus,16.468333,-97.003333
barbatus,19.693333,-101.151111
barbatus,20.133611,-98.708056
barbatus,16.226667,-96.535
barbatus,19.693333,-101.151111
barbatus,16.468333,-97.003333
barbatus,19.733333,-99.333333
barbatus,20.133611,-98.708056
barbatus,19.561111,-98.693056
barbatus,19.641667,-101.147778
barbatus,19.693333,-101.151111
barbatus,19.324469,-99.18014
barbatus,16.468333,-97.003333
barbatus,21.1130363,-100.4654192
barbatus,21.1581388,-99.6957601
barbatus,21.4264212,-99.2483754
barbatus,20.918083,-99.5834205
barbatus,21.3208873,-101.5536217
barbatus,23.399791,-104.182674
barbatus,18.556389,-99.661111
barbatus,17.705556,-99.823056
barbatus,18.564167,-99.504444
barbatus,17.696778,-99.937694
barbatus,17.696389,-99.870278
barbatus,17.665,-99.811944
barbatus,17.7275,-99.894167
barbatus,17.724222,-99.898583
barbatus,17.7275,-99.894167
barbatus,20.9023158,-100.1690954
barbatus,27.314722,-107.512778
barbatus,23.801111,-104.7625
barbatus,23.631667,-103.641667
barbatus,21.118333,-101.68
barbatus,19.895,-101.428333
barbatus,17.55,-97.425
barbatus,19.367222,-99.155
barbatus,21.178333,-99.833333
barbatus,19.991667,-102.718333
barbatus,20.097894,-98.998062
barbatus,19.651667,-101.151667
barbatus,20.162222,-99.1
barbatus,21.405,-99.247778
barbatus,22.085981,-101.161136
barbatus,23.964513,-104.798452
barbatus,18.226667,-97.578333
barbatus,20.135,-98.671667
barbatus,20.285,-101.093333
barbatus,19.895,-101.428333
barbatus,17.268333,-97.68
barbatus,16.445,-96.9
barbatus,21.305,-100.278333
barbatus,21.211667,-100.215
barbatus,23.436667,-104.133333
barbatus,24.811667,-104.32
barbatus,21.940556,-101.929167
barbatus,21.196667,-100.308333
barbatus,19.901667,-101.655
barbatus,19.529444,-101.6
barbatus,19.651667,-101.151667
barbatus,21.266667,-99.718611
barbatus,19.793333,-101.176667
barbatus,21.151667,-101.396667
barbatus,23.938333,-106.426667
barbatus,19.627778,-101.578611
barbatus,21.865,-101.593333
barbatus,21.071944,-101.194167
barbatus,19.895,-101.428333
barbatus,21.798333,-101.356667
barbatus,19.618333,-101.133333
barbatus,21.135,-99.591667
barbatus,20.915278,-99.564444
barbatus,20.648333,-103.438333
barbatus,19.676667,-101.148333
barbatus,18.905,-100.151667
barbatus,20.91528,-99.587049
barbatus,19.781667,-100.641667
barbatus,21.47726,-99.206183
barbatus,19.618333,-101.133333
barbatus,19.523333,-98.818333
barbatus,20.791667,-100.045
barbatus,19.536299,-98.759798
barbatus,29.686944,-108.273889
barbatus,20.805,-100.798333
barbatus,21.461667,-100.498611
barbatus,21.845,-102.718333
barbatus,21.143434,-100.672317
barbatus,19.546389,-101.588333
barbatus,20.531667,-98.64
barbatus,21.845,-102.718333
barbatus,20.508333,-103.171667
barbatus,16.445,-96.9
barbatus,21.658333,-102.228333
barbatus,17.226667,-95.05
barbatus,19.404722,-101.638333
barbatus,20.183889,-98.7575
barbatus,19.486667,-100.493333
barbatus,25.746667,-105.043333
barbatus,21.015,-101.255
barbatus,19.253333,-99.173333
barbatus,20.11,-99.633333
barbatus,17.775,-97.108333
barbatus,19.708333,-99.325
barbatus,19.3320059,-98.6874477
barbatus,19.675,-99.358333
barbatus,19.708333,-99.325
barbatus,19.675,-99.258333
barbatus,19.291667,-99.241667
barbatus,19.441667,-99.325
barbatus,19.591667,-99.375
barbatus,19.275,-99.141667
barbatus,19.591667,-99.141667
barbatus,19.314226,-99.182892
barbatus,17.128675,-96.638395
barbatus,20.954332,-100.1343
barbatus,19.749264,-101.094071
barbatus,19.074169,-98.347467
barbatus,19.313521,-99.181534
barbatus,19.313295,-99.18145
barbatus,19.313328,-99.181056
barbatus,28.216667,-107.483333
barbatus,28.52151,-106.604371
barbatus,20.6484,-99.005
barbatus,20.829772,-99.694245
barbatus,20.202137,-98.818558
barbatus,21.144169,-101.433688
barbatus,17.871723,-97.51797
barbatus,21.083748,-99.658257
barbatus,18.985681,-98.332817
barbatus,18.9591,-98.349236
barbatus,17.812064,-96.902047
barbatus,19.207547,-99.954033
barbatus,25.157036,-103.270369
barbatus,19.964106,-99.841431
barbatus,26.822309,-106.014376
barbatus,29.082576,-106.374435
barbatus,29.069974,-106.53923
barbatus,28.404085,-107.069321
barbatus,17.148172,-96.67802
barbatus,19.287651,-99.201007
barbatus,18.993972,-98.343192
barbatus,19.003817,-98.331025
barbatus,19.314444,-99.193792
barbatus,19.313045,-99.180701
barbatus,21.95968,-102.343158
barbatus,17.914389,-97.453065
barbatus,17.023878,-96.66604
barbatus,19.023925,-98.360589
barbatus,19.062978,-98.351661
barbatus,19.072944,-98.345475
barbatus,19.291966,-99.198682
barbatus,27.916969,-107.055204
barbatus,20.378668,-99.65084
barbatus,19.316158,-99.183422
barbatus,19.517753,-98.161671
barbatus,20.632522,-98.859873
barbatus,25.141667,-106.525
barbatus,19.456389,-98.864722
barbatus,19.862222,-99.2275
barbatus,19.456389,-98.864722
barbatus,18.960278,-100.1175
barbatus,23.744167,-103.794444
barbatus,19.697222,-99.322778
barbatus,20.613333,-99.116389
barbatus,23.403056,-104.17
barbatus,20.171111,-98.733333
barbatus,21.149444,-99.6675
barbatus,19.623889,-101.150833
barbatus,20.018056,-100.707222
barbatus,19.645556,-99.393889
barbatus,19.588611,-99.057222
barbatus,19.588611,-99.057222
barbatus,20.133611,-98.708056
barbatus,19.793333,-101.176667
barbatus,18.211667,-97.540833
barbatus,18.605917,-99.611472
barbatus,20.991481,-101.226212
barbatus,18.976294,-99.252886
barbatus,19.29718,-98.828936
barbatus,23.8011,-104.763
barbatus,16.83,-96.42
barbatus,17.25,-96.67
barbatus,23.9306,-104.906
barbatus,19.627157,-98.132962
barbatus,19.463711,-98.084564
barbatus,19.258184,-99.137878
barbatus,17.202935,-96.737641
barbatus,19.319567,-99.189506
barbatus,20.035451,-99.155817
barbatus,20.021904,-99.151869
barbatus,16.2,-96.61
barbatus,16.55,-96.96
barbatus,19.38,-99.24
barbatus,19.6925,-101.143055
barbatus,17.883333,-96.55
barbatus,19.635,-99.314722
barbatus,28.800396,-106.466749
barbatus,19.288333,-99.176111
barbatus,19.301667,-99.1825
barbatus,21.283333,-104.783333
barbatus,20.75,-99.35
barbatus,19.72,-99.9
barbatus,19.693611,-101.136944
barbatus,20.23333,-98.71666
barbatus,19.291667,-99.198889
barbatus,28.233,-106.83
barbatus,17.83333,-97.13333
barbatus,19.635,-99.354167
barbatus,17.346389,-98.040833
barbatus,17.66666,-97.41666
barbatus,28.65,-105.3
barbatus,19.485556,-98.89
barbatus,19.512222,-98.88
barbatus,23.86666,-104.76666
barbatus,19.661389,-99.237778
barbatus,19.86,-99.33
barbatus,19.92,-98.74
barbatus,19.18,-99.27
barbatus,19.77,-98.58
barbatus,19.21,-99.11
barbatus,23.93,-104.9
barbatus,23.8,-104.76
barbatus,23.93,-104.9
barbatus,23.92,-104.94
barbatus,19.606944,-101.388055
barbatus,18.088831,-97.014341
barbatus,21,-101.2667
barbatus,28.96611,-106.21861
barbatus,28.96611,-106.21861
barbatus,28.96611,-106.21861
barbatus,17.908182,-97.426254
barbatus,19.329307,-99.237005
catalinae,31.049945,-116.028302
catalinae,31.943764,-116.528931
cernuus,18.20389,-101.44722
cernuus,19.005367,-99.099363
cernuus,19.036156,-99.0802
cernuus,20.881667,-99.236667
cernuus,19.018972,-99.152167
cernuus,19.017611,-99.0875
cernuus,19.018972,-99.152167
cernuus,19.015639,-99.084972
cernuus,19.013333,-99.095278
cernuus,19.853333,-100.453333
cernuus,18.981944,-99.239444
cernuus,18.955833,-99.264167
cernuus,18.955833,-99.264167
cernuus,18.981944,-99.239444
cernuus,19.013333,-99.095278
cernuus,18.8514758,-99.8842973
cernuus,18.966667,-99.268333
cernuus,18.936667,-99.23
cernuus,18.936667,-99.23
cernuus,18.936667,-99.23
cernuus,18.978222,-99.01721
cernuus,18.982816,-98.994693
cernuus,18.981667,-99.239444
cernuus,18.935556,-98.984167
clavatus,27.583333,-113
clavatus,24.991667,-110.925
concolor,32.03732,-115.822013
concolor,31.79738,-115.842608
concolor,31.797092,-115.842706
concolor,31.797388,-115.841573
concolor,30.9667,-115.6167
concolor,30.9725,-115.7447
concolor,32.0428,-115.9174
concolor,30.9667,-115.6167
concolor,31.9,-116.0833
concolor,32.034647,-115.929195
concolor,32.05029,-115.939304
concolor,32.052008,-115.938233
concolor,31.79378,-115.847228
concolor,30.788753,-115.379744
concolor,32.50306,-116.061114
concolor,32.502927,-116.061222
concolor,32.441057,-116.022119
concolor,31.885367,-116.080008
concolor,31.885958,-116.094781
concolor,31.884971,-116.081376
concolor,31.885485,-116.080266
concolor,31.885182,-116.079809
concolor,32.489505,-116.094901
concolor,31.919953,-116.076028
concolor,31.885835,-116.094777
concolor,32.044486,-115.928162
concolor,31.999889,-116.666917
concolor,32.28333,-116.01667
concolor,31.7,-115.75
concolor,31.6241,-116.0319
concolor,32.26498,-115.88217
concolor,30.98333,-115.58333
concolor,32.41667,-116.03333
concolor,32.58333,-116.01
concolor,30.95,-115.6
concolor,32.178972,-115.928875
concolor,32.177553,-115.92901
concolor,32.038807,-115.936438
concolor,32.19515,-115.929573
concolor,32.178798,-115.928992
concolor,30.969183,-115.584007
concolor,32.018135,-115.944212
concolor,32.178128,-115.929475
concolor,32.039597,-115.936286
concolor,32.178836,-115.928925
concolor,32.043247,-115.921631
concolor,32.378854,-115.948844
concolor,32.075967,-115.867325
concolor,30.95,-115.6
concolor,31.88333,-116.6
concolor,31.86667,-116.55
concolor,30.95,-115.6
concolor,32.28333,-116.01667
concolor,32.583333,-116.01
concolor,32.26498,-115.88217
concolor,32,-116.83333
concolor,31.9,-116.63333
concolor,32.1,-116.86667
concolor,31.88333,-116.6
concolor,31.7,-115.75
concolor,31.6241,-116.0319
concolor,32.41667,-116.03333
concolor,32.4229,-116.1462
concolor,31.55,-116.61667
concolor,30.966667,-115.616667
concolor,31.9,-116.083333
concolor,30.966667,-115.616667
concolor,32,-116.666667
concolor,32.45,-116.13333
concolor,32.079886,-115.911181
concolor,32.078747,-115.871162
concolor,30.95,-115.6
concolor,32.5249,-116.392
concolor,30.958333,-115.608333
concolor,30.991667,-115.591667
concolor,32.047511,-115.919844
concolor,32,-116.67
dunnii,31.075541,-116.044614
dunnii,31.082628,-116.119522
exilis,19.9,-100.983333
exilis,20.216667,-98.733333
exilis,19.9,-100.983333
exilis,20.216667,-98.733333
exilis,20.2,-98.733333
exilis,20.19364,-98.7363
exilis,20.213889,-98.730556
exilis,20.2125,-98.729167
exilis,20.1964,-98.7029
exilis,20.1713,-98.738
exilis,20.1964,-98.7029
exilis,20.178333,-98.7125
exilis,20.123611,-98.740278
exilis,20.165303,-98.72585
exilis,20.325278,-98.798611
exilis,20.1964,-98.7029
exilis,20.1817,-98.7097
exilis,19.0219,-100.035
exilis,20.1713,-98.738
exilis,23.6168,-103.927
exilis,20.191064,-98.713702
exilis,20.180035,-98.722936
exilis,20.178583,-98.712611
exilis,23.275,-104.158333
exilis,23.341111,-104.123333
exilis,20.183333,-98.7375
exilis,20.083333,-98.55
exilis,20.183333,-98.7375
exilis,20.183333,-98.7375
exilis,20.213889,-98.730556
exilis,20.183333,-98.7375
exilis,20.176389,-98.709722
exilis,20.195833,-98.745833
exilis,20.176389,-98.727778
exilis,20.183333,-98.7375
exilis,20.183333,-98.7375
exilis,20.183333,-98.7375
exilis,20.186411,-98.739031
exilis,20.198569,-98.738031
exilis,20.123485,-98.736107
exilis,20.186411,-98.739031
exilis,30.140236,-108.3275
exilis,20.202489,-98.7439
exilis,20.186411,-98.739031
exilis,20.123485,-98.736107
exilis,20.185,-98.739722
exilis,20.168056,-98.728611
exilis,20.185,-98.739722
exilis,20.1929227,-98.7395419
exilis,22.941667,-104.608333
exilis,23.008333,-104.108333
exilis,18.95,-100.083889
exilis,18.953056,-100.131944
exilis,18.953056,-100.131944
exilis,18.95,-100.083889
exilis,18.953056,-100.131944
exilis,18.95,-100.083889
exilis,18.953056,-100.131944
exilis,18.953056,-100.131944
exilis,22.916143,-104.64464
exilis,20.1971536,-98.7274667
exilis,23.285953,-104.120649
exilis,20.158455,-98.728609
exilis,20.296667,-99.308333
exilis,20.123333,-98.736667
exilis,23.62,-103.923333
exilis,22.913333,-104.6
exilis,20.215,-98.731667
exilis,18.971667,-100.13
exilis,23.347692,-104.113011
exilis,20.186389,-98.735556
exilis,23.011667,-104.305
exilis,20.186632,-98.716997
exilis,20.191067,-98.713671
exilis,20.186389,-98.735556
exilis,23.35,-104.120556
exilis,19.560278,-98.699167
exilis,22.931111,-104.626667
exilis,20.133,-98.666
exilis,20.17,-98.73
exilis,20.54056,-98.92944
exilis,20.54056,-98.92944
exilis,20.186056,-98.716684
exilis,23.950465,-102.532886
flexuosus,31.6600498,-116.5305786
flexuosus,30.516667,-115.933333
flexuosus,30.516667,-115.933333
fuscus,25.666667,-100.5
fuscus,19.57,-103.45
fuscus,24,-100
fuscus,18.881083,-100.308778
fuscus,19.95,-103.75
fuscus,25.666667,-100.5
fuscus,18.85,-100.17
fuscus,18.81666,-100.28305
fuscus,19.05,-99.87
fuscus,18.99,-99.99
fuscus,18.85,-100.17
fuscus,18.85,-100.17
fuscus,18.897067,-100.332107
fuscus,18.946372,-100.17127
fuscus,20.549,-104.303
fuscus,18.93747,-99.79867
fuscus,18.57194,-99.58
fuscus,19.95,-103.75
fuscus,18.46752,-99.3424
fuscus,20.549,-104.303
fuscus,20.458,-104.393
fuscus,18.88972,-99.7597
fuscus,18.94083,-100.15583
fuscus,21.35,-103.22194
fuscus,18.58583,-99.61861
fuscus,18.85,-100.417
fuscus,19.053869,-99.87805
fuscus,18.946372,-100.17127
fuscus,20.323889,-104.016667
fuscus,20.438889,-104.431944
fuscus,20.516667,-98.445
fuscus,20.203833,-104.203055
fuscus,20.202778,-104.405833
fuscus,20.866667,-103.506667
fuscus,25,-100.33333
fuscus,19.044417,-100.04405
fuscus,28.55514,-107.492401
fuscus,20.4139,-103.396
fuscus,19.7843,-103.488
fuscus,20.4139,-103.396
fuscus,18.9394,-100.185
fuscus,20.2913,-103.897
fuscus,19.7966,-103.482
fuscus,19.5843,-103.049
fuscus,20.4146,-103.397
fuscus,19.949999,-103.751201
fuscus,19.053869,-99.87805
fuscus,18.482828,-99.343886
fuscus,23.740833,-103.780278
fuscus,27.148333,-107.567222
fuscus,20.439111,-104.432194
fuscus,26.950556,-106.578333
fuscus,20.54945,-104.302833
fuscus,20.439111,-104.432194
fuscus,20.457583,-104.392517
fuscus,19.994683,-103.800433
fuscus,20.54945,-104.302833
fuscus,18.928028,-100.147805
fuscus,18.990563,-99.996398
fuscus,19.052781,-99.879719
fuscus,18.916667,-100.166667
fuscus,20.870408,-103.506836
fuscus,18.852492,-100.171839
fuscus,19.098428,-99.968519
fuscus,19.106667,-100.061667
fuscus,19.033333,-100.033333
fuscus,19.033333,-100.033333
fuscus,18.953056,-100.131944
fuscus,18.953056,-100.131944
fuscus,18.91955,-100.151269
fuscus,19.098328,-99.914439
fuscus,19.055747,-100.045497
fuscus,19.085828,-99.939169
fuscus,19.036939,-99.968889
fuscus,19.081911,-99.954439
fuscus,19.056108,-100.008058
fuscus,19.095114,-99.975658
fuscus,19.128058,-99.9325
fuscus,19.041669,-100.210828
fuscus,19.078589,-99.904956
fuscus,19.102219,-100.027778
fuscus,19.043086,-99.909169
fuscus,19.073369,-99.940447
fuscus,19.430556,-103.8425
fuscus,18.602778,-99.63
fuscus,18.585833,-99.618611
fuscus,18.585833,-99.618611
fuscus,18.571944,-99.58
fuscus,18.579444,-99.646111
fuscus,18.587778,-99.639167
fuscus,18.586944,-99.620278
fuscus,18.604722,-99.712222
fuscus,18.997491,-99.06148
fuscus,19.041667,-100.005
fuscus,18.986667,-99.1
fuscus,18.986667,-99.1
fuscus,20.648333,-103.438333
fuscus,19.978333,-103.26
fuscus,18.961667,-99.59
fuscus,19.086667,-100.056667
fuscus,20.725278,-103.564167
fuscus,19.818333,-103.465
fuscus,18.940556,-100.154444
fuscus,18.971667,-100.13
fuscus,18.956922,-100.12624
fuscus,18.951184,-100.122313
fuscus,18.9558621,-100.1253583
fuscus,25.358333,-105.758333
fuscus,25.350833,-105.759444
fuscus,25.083333,-105.597778
fuscus,25.120833,-106.525
fuscus,18.691389,-100.140389
fuscus,18.063472,-94.38125
fuscus,18.833333,-100.316667
fuscus,18.95,-100.08
fuscus,19.05,-99.87
fuscus,18.99,-99.99
fuscus,18.81666,-100.28305
fuscus,23.7,-99.75
fuscus,18.85,-100.17
fuscus,19.42917,-99.58389
fuscus,19.42917,-99.58389
fuscus,23.950465,-102.532886
ghiesbreghtii,16.75,-92.633333
ghiesbreghtii,19.7,-98.483333
ghiesbreghtii,20.75,-99.35
ghiesbreghtii,16.727097,-92.626743
ghiesbreghtii,16.727371,-92.623546
ghiesbreghtii,16.727103,-92.62583
ghiesbreghtii,16.71985,-92.603294
ghiesbreghtii,23.951069,-102.527629
ghiesbreghtii,21.292594,-99.127
ghiesbreghtii,21.292594,-99.127
ghiesbreghtii,21.292594,-99.127
ghiesbreghtii,21.292594,-99.127
ghiesbreghtii,19.7,-98.483333
ghiesbreghtii,20.75,-99.35
ghiesbreghtii,16.75,-92.633333
ghiesbreghtii,20.985803,-99.206886
ghiesbreghtii,16.235186,-92.159488
ghiesbreghtii,16.11832,-91.802162
ghiesbreghtii,20.97469,-99.2247
ghiesbreghtii,20.61639,-99.02444
ghiesbreghtii,16.585,-92.52083
ghiesbreghtii,16.704,-92.612
ghiesbreghtii,16.71361,-92.61472
ghiesbreghtii,16.741667,-92.641667
ghiesbreghtii,21.0346,-99.1922
ghiesbreghtii,20.94695,-99.211842
ghiesbreghtii,20.616389,-99.024444
ghiesbreghtii,16.551111,-92.5275
ghiesbreghtii,21.008614,-99.179661
ghiesbreghtii,16.183916,-92.171159
ghiesbreghtii,21.0346,-99.1922
ghiesbreghtii,16.7027,-92.6099
ghiesbreghtii,20.2837,-98.6645
ghiesbreghtii,16.7029,-92.6425
ghiesbreghtii,16.0815,-92.0403
ghiesbreghtii,21.008278,-99.179555
ghiesbreghtii,20.303611,-98.788889
ghiesbreghtii,16.585,-92.520833
ghiesbreghtii,16.703833,-92.6124
ghiesbreghtii,20.941694,-99.211167
ghiesbreghtii,16.566667,-92.5
ghiesbreghtii,20.705665,-99.100031
ghiesbreghtii,16.699505,-92.605991
ghiesbreghtii,16.5,-92.37
ghiesbreghtii,16.15,-92.2
ghiesbreghtii,16.49,-92.3
ghiesbreghtii,21.03,-99.19
ghiesbreghtii,16.1525,-92.25389
ghiesbreghtii,23.950465,-102.532886
hartwegii,21.881667,-102.291389
hartwegii,20.854267,-103.866587
hartwegii,22.794167,-104.5825
hartwegii,22.183333,-103.833333
hartwegii,20.333333,-103.666667
hartwegii,21.064317,-103.421688
hartwegii,20.847054,-102.847234
hartwegii,20.777622,-103.575583
hartwegii,21.418639,-104.897944
hartwegii,20.852,-103.648
hartwegii,21.277,-103.478
hartwegii,20.852,-103.512
hartwegii,21.40611,-104.98222
hartwegii,22.1,-104.39
hartwegii,21.358333,-104.575
hartwegii,22.25,-104.667
hartwegii,21.333,-104.55
hartwegii,22.25,-104.617
hartwegii,22.25,-104.667
hartwegii,22.317,-104.333
hartwegii,21.717,-104.217
hartwegii,20.852,-103.512
hartwegii,21.33389,-103.22278
hartwegii,21.426,-104.954
hartwegii,21.426,-104.954
hartwegii,22.2,-104.667
hartwegii,21.083,-104.267
hartwegii,21.37194,-103.5
hartwegii,21.123333,-104.506667
hartwegii,21.433333,-104.95
hartwegii,19.74722,-101.36472
hartwegii,20.6545,-104.854
hartwegii,21.3068,-104.904
hartwegii,21.083333,-104.266667
hartwegii,21.35,-104.733333
hartwegii,21.3641,-104.903
hartwegii,21.0439,-104.218
hartwegii,22.2531,-104.42
hartwegii,21.3503,-104.573
hartwegii,21.2312,-104.864
hartwegii,22.2822,-104.703
hartwegii,20.9049,-103.876
hartwegii,21.4333,-104.95
hartwegii,21.3539,-104.574
hartwegii,21.193889,-103.183333
hartwegii,21.107222,-103.122778
hartwegii,21.4825,-103.482222
hartwegii,21.334167,-103.225
hartwegii,21.391667,-103.116667
hartwegii,21.35,-103.221944
hartwegii,21.3575,-103.218055
hartwegii,22.743611,-103.095278
hartwegii,20.49285,-103.035683
hartwegii,20.852117,-103.647967
hartwegii,20.9613,-103.4135
hartwegii,20.803583,-100.769717
hartwegii,20.851533,-103.512267
hartwegii,20.851533,-103.512267
hartwegii,21.432222,-104.957222
hartwegii,21.4375,-104.946111
hartwegii,21.371944,-103.5
hartwegii,21.113371,-104.518159
hartwegii,22.251389,-104.517222
hartwegii,21.125,-104.291667
hartwegii,21.39,-104.088333
hartwegii,21.236667,-104.9
hartwegii,21.041944,-104.211111
hartwegii,21.063333,-104.501667
hartwegii,20.676667,-103.346667
hartwegii,21.043333,-103.43
hartwegii,20.720278,-103.391944
hartwegii,21.962222,-102.343056
hartwegii,21.333333,-104.593333
hartwegii,20.850256,-103.502044
hartwegii,22.2014,-104.247
hartwegii,22.25,-104.66666
hartwegii,22.25,-104.616667
hartwegii,21.333333,-104.566667
hartwegii,22.433333,-104.333333
hartwegii,21.3,-104.9
hartwegii,21.316667,-104.683333
hartwegii,21.433333,-104.95
hartwegii,22.216667,-104.65
hartwegii,23.95056,-102.53278
hartwegii,23.950465,-102.532886
kennedyi,30.75833,-110.917
kennedyi,30.686667,-110.8815
kennedyi,30.758333,-110.932778
kennedyi,30.749444,-110.734167
kennedyi,32.2931,-115.984
kennedyi,32.29311,-115.98406
kennedyi,30.8333,-111.078
kennedyi,30.833333,-110.626889
kennedyi,30.841528,-110.643361
marcellae,25.745747,-100.3946
marcellae,26.803462,-101.455359
marcellae,23.621306,-99.275861
marcellae,24.041891,-99.725121
marcellae,25.43417,-100.576487
marcellae,25.426857,-100.238798
marcellae,23.96667,-99.7
marcellae,23.9575,-99.77833
marcellae,25.467,-100.667
marcellae,23.97778,-99.55778
marcellae,22.415531,-100.78277
marcellae,22.23826,-100.808144
marcellae,21.351683,-99.82438
marcellae,21.351683,-99.82438
marcellae,22.411495,-100.786858
marcellae,23.78636,-99.90878
marcellae,21.37787,-99.799
marcellae,25.343433,-100.611588
marcellae,25.453527,-100.662928
marcellae,25.453983,-100.662927
marcellae,23.97778,-99.55778
marcellae,23.9709,-99.7961
marcellae,24.7,-99.85
marcellae,24.81667,-99.86667
marcellae,23.96667,-99.71222
marcellae,25.40556,-100.725
marcellae,22.424461,-100.7799
marcellae,23.9709,-99.7961
marcellae,25.38994,-100.720043
marcellae,21.903542,-100.338076
marcellae,21.106674,-99.716999
marcellae,23.810194,-99.895528
marcellae,25.435278,-100.403611
marcellae,23.993182,-99.715235
marcellae,23.802333,-99.844717
marcellae,25.405556,-100.725
marcellae,23.960222,-100.015547
marcellae,24.596669,-99.888331
marcellae,23.81,-99.845
marcellae,23.993182,-99.715235
marcellae,23.993182,-99.715235
marcellae,25.006311,-100.279736
marcellae,24.816667,-99.866667
marcellae,23.8036431,-99.8997022
marcellae,24.823889,-100.076939
marcellae,23.966667,-99.712361
marcellae,24.7,-99.85
marcellae,23.977778,-99.557778
marcellae,23.949439,-99.846389
marcellae,23.963061,-99.528331
marcellae,24.012614,-99.803137
marcellae,23.892967,-99.812858
marcellae,23.810194,-99.895528
marcellae,23.925071,-99.814739
marcellae,23.751228,-99.960489
marcellae,24.09,-99.81
marcellae,23.966667,-99.733333
marcellae,23.966667,-99.733333
marcellae,23.966667,-99.733333
marcellae,24.61,-99.88
marcellae,25.416667,-100.716667
marcellae,24.82,-100.07
marcellae,23.82,-99.89
marcellae,24,-99.08333
mendozae,22.191667,-100.349444
mendozae,22.16984,-100.286164
mendozae,22.198869,-100.270543
mendozae,22.171529,-100.284641
mendozae,22.185833,-100.348055
mendozae,22.185278,-100.347778
mendozae,22.191667,-100.349444
mendozae,22.191667,-100.349444
mendozae,22.2025,-100.315278
mendozae,22.202222,-100.315833
mendozae,22.185944,-100.34825
mendozae,22.185278,-100.347778
mendozae,22.158611,-99.575278
mendozae,22.185944,-100.34825
nigrescens,17.43368,-97.457032
nigrescens,18.01667,-97.53333
nigrescens,18.01667,-97.53333
nigrescens,17.223328,-97.829727
nigrescens,17.84056,-97.54917
nigrescens,17.81667,-97.6
nigrescens,17.35,-97.75
nigrescens,17.25,-97.83333
nigrescens,17.85,-97.55
nigrescens,18.05,-97.533333
nigrescens,17.917147,-97.506912
nigrescens,17.25,-97.83333
nigrescens,17.84222,-97.55
nigrescens,17.68833,-97.41944
nigrescens,18.049283,-97.574477
nigrescens,17.473611,-97.543889
nigrescens,18.091667,-97.525
nigrescens,17.23333,-97.83333
nigrescens,17.720057,-97.413283
nigrescens,18.691667,-97.441667
nigrescens,17.85244,-97.511672
nigrescens,17.691167,-97.415167
nigrescens,17.691056,-97.415222
nigrescens,17.702778,-97.392194
nigrescens,18.169722,-97.465556
nigrescens,17.458333,-97.991667
nigrescens,18.325018,-97.948275
nigrescens,17.725806,-97.105972
nigrescens,17.585417,-97.086889
nigrescens,17.45,-97.983333
occidentalis,20.014406,-103.788727
occidentalis,20.777603,-103.42416
occidentalis,20.048889,-103.697944
occidentalis,20.048889,-103.697944
occidentalis,20.048889,-103.697944
occidentalis,20.048889,-103.697944
occidentalis,20.048889,-103.697944
occidentalis,20.048889,-103.697944
occidentalis,20.023393,-103.80244
occidentalis,19.893376,-103.041839
occidentalis,20.300242,-103.999106
occidentalis,20.048759,-103.698251
occidentalis,20.048889,-103.697944
ownbeyi,23.414717,-105.80374
ownbeyi,20.662244,-104.916109
ownbeyi,20.492404,-104.748931
ownbeyi,23.055116,-104.225201
ownbeyi,23.806186,-105.198964
ownbeyi,23.078611,-104.554444
ownbeyi,23.825431,-105.342118
ownbeyi,23.275459,-104.158758
ownbeyi,22.981667,-104.687778
ownbeyi,23.716667,-105.670555
ownbeyi,23.371944,-104.124444
ownbeyi,22.964444,-104.39
ownbeyi,24.085278,-105.586667
ownbeyi,23.078611,-104.554444
ownbeyi,22.964444,-104.39
ownbeyi,24.078333,-105.743055
ownbeyi,22.982138,-104.701546
ownbeyi,23.342123,-104.175425
ownbeyi,23.712935,-105.662402
ownbeyi,25.108707,-105.592128
ownbeyi,23.907928,-105.164337
ownbeyi,24.085278,-105.586667
ownbeyi,28.394167,-108.79
ownbeyi,23.873889,-105.171111
ownbeyi,23.425453,-104.142091
ownbeyi,23.341567,-104.123757
ownbeyi,23.700833,-105.723055
ownbeyi,23.135833,-104.281944
ownbeyi,23.825431,-105.342118
ownbeyi,23.400454,-104.178203
ownbeyi,23.408333,-104.179444
ownbeyi,23.03325,-104.540944
ownbeyi,22.935556,-104.603055
ownbeyi,22.937222,-104.613889
ownbeyi,23.408787,-104.175425
ownbeyi,22.792147,-104.625433
ownbeyi,22.981667,-104.687778
ownbeyi,23.858763,-105.308784
ownbeyi,23.885523,-105.160072
ownbeyi,23.382778,-104.149722
ownbeyi,20.693309,-104.873992
ownbeyi,23.84864,-105.319004
ownbeyi,20.731524,-104.826187
ownbeyi,23.725344,-105.486084
ownbeyi,22.971891,-104.56945
ownbeyi,20.401991,-104.640303
ownbeyi,23.358086,-104.385152
ownbeyi,23.635072,-105.041602
ownbeyi,23.602473,-105.100113
ownbeyi,23.54178,-104.956723
ownbeyi,23.64074,-105.07741
ownbeyi,23.633893,-105.040895
ownbeyi,23.57839,-105.327222
ownbeyi,23.578474,-105.329317
ownbeyi,23.8547,-105.271
ownbeyi,23.033927,-104.541435
ownbeyi,20.357778,-105.254444
ownbeyi,28.397028,-108.734167
ownbeyi,20.371097,-104.593711
ownbeyi,28.394808,-108.790569
palmeri,32.178873,-115.862235
palmeri,32.018948,-115.975172
palmeri,32.151568,-115.9599
palmeri,31.869996,-115.968466
palmeri,32.078678,-115.980359
palmeri,32.052,-115.978361
palmeri,32.112252,-115.928667
palmeri,32.286297,-115.825447
palmeri,31.111142,-115.67557
palmeri,32.354342,-115.935007
palmeri,32.227326,-115.958191
palmeri,32.385319,-115.873522
palmeri,31.758453,-116.019928
palmeri,30.597781,-115.967702
palmeri,31.646057,-116.120724
palmeri,32.03314,-115.887397
palmeri,32.156103,-115.829876
palmeri,32.077739,-115.869672
palmeri,32.054313,-115.838452
palmeri,32.412579,-116.161635
palmeri,31.257749,-115.632169
palmeri,32.06332,-115.90892
palmeri,31.91195,-116.11685
palmeri,31.08333,-115.89167
palmeri,32.04614,-115.90796
palmeri,31.14016,-115.73066
palmeri,28.48005,-113.62342
palmeri,32.60833,-116.15
palmeri,31.06669,-115.58172
palmeri,30.73333,-115.56667
palmeri,30.3815,-115.0941
palmeri,31.63333,-115.63333
palmeri,30.9914,-115.64288
palmeri,32.10417,-115.92083
palmeri,31.9125,-116.09167
palmeri,31.0201,-115.4703
palmeri,30.16667,-115.15
palmeri,31.481868,-115.791093
palmeri,31.543676,-115.714988
palmeri,31.54569,-115.716381
palmeri,32.222913,-116.118623
palmeri,32.052679,-115.820413
palmeri,32.094122,-116.188698
palmeri,31.73249,-115.89272
palmeri,32.135902,-115.966797
palmeri,31.923052,-115.867171
palmeri,32.091934,-115.920201
palmeri,32.187351,-115.969768
palmeri,31.801224,-115.878551
palmeri,32.60833,-116.15
palmeri,31.91195,-116.11685
palmeri,30.3815,-115.0941
palmeri,30.9914,-115.64288
palmeri,31.06669,-115.58172
palmeri,31.14016,-115.73066
palmeri,32.04614,-115.90796
palmeri,28.48005,-113.62342
palmeri,31.9125,-116.09167
palmeri,30.166667,-115.15
palmeri,32.10417,-115.92083
palmeri,31.08333,-115.89167
palmeri,31.0201,-115.4703
palmeri,30.73333,-115.56667
palmeri,31.63333,-115.63333
palmeri,32.059447,-115.912731
palmeri,32.06332,-115.90892
palmeri,32.180562,-115.925607
palmeri,32.085418,-116.09125
palmeri,32.141409,-115.968465
palmeri,32.176353,-115.804572
pringlei,18.983334,-99.1
pringlei,19.049166,-99.831389
pringlei,18.770047,-99.984289
pringlei,18.769959,-98.950993
pringlei,18.554459,-99.60592
pringlei,19.01,-99.095555
pringlei,18.916667,-100
pringlei,18.916667,-100
pringlei,18.916667,-100
pringlei,18.55,-99.6
pringlei,18.938297,-99.798922
pringlei,18.603603,-99.59015
pringlei,18.598,-99.6242
pringlei,18.56983,-99.6209
pringlei,18.94031,-99.8089
pringlei,17.45,-97.98333
pringlei,17.35,-97.75
pringlei,18.9817,-98.84192
pringlei,18.683333,-100.35
pringlei,18.569722,-99.620833
pringlei,19.01,-99.095555
pringlei,16.935,-97.59
pringlei,17.707222,-97.387222
pringlei,18.925556,-99.238055
pringlei,18.805729,-99.400483
pringlei,18.556547,-99.605121
pringlei,18.5505,-99.6008
pringlei,21.358825,-99.807298
pringlei,18.569833,-99.620917
pringlei,18.598,-99.624194
pringlei,17.707222,-97.387222
pringlei,19.036667,-99.303055
pringlei,17.788333,-100.003889
pringlei,17.669167,-99.818056
pringlei,17.698611,-99.938611
pringlei,17.698611,-99.938611
pringlei,17.35,-97.75
pringlei,19.116939,-100.295
pringlei,19.008333,-99.091667
pringlei,18.450278,-99.316944
pringlei,19.016667,-99.085278
pringlei,19.016667,-99.085278
pringlei,18.8448167,-99.6754024
pringlei,17.698333,-99.889722
pringlei,17.669167,-99.818056
pringlei,17.698611,-99.938611
pringlei,17.698611,-99.938611
pringlei,17.788333,-100.003889
pringlei,18.986667,-99.1
pringlei,18.648333,-99.645
pringlei,18.466667,-99.331667
pringlei,18.577639,-99.619083
pringlei,19.01,-99.095556
pringlei,18.580833,-99.678611
pringlei,18.593889,-99.608055
pringlei,19.046389,-99.877778
pringlei,18.629445,-99.648889
pringlei,18.938297,-99.798922
pringlei,18.74472,-99.0725
pringlei,18.74472,-99.0725
pringlei,18.74472,-99.0725
pringlei,23.950465,-102.532886
purpureus,16.183333,-93.216667
purpureus,19.4,-100.366667
purpureus,19.05,-98.8
purpureus,16.183333,-93.216667
purpureus,19.516389,-101.609722
purpureus,32.578611,-114.840278
purpureus,16.183333,-93.216667
purpureus,16.183333,-93.216667
purpureus,19.85,-102.133333
purpureus,24.147777,-99.392222
purpureus,17.05,-96.716667
purpureus,22.6,-103.866667
purpureus,20.666667,-103.333333
purpureus,20.233333,-103.583333
purpureus,20.655916,-103.465118
purpureus,21.288256,-99.880253
purpureus,18.458159,-99.766667
purpureus,24.565693,-98.909822
purpureus,22.083333,-100.833333
purpureus,20.127103,-100.268424
purpureus,19.913419,-102.984272
purpureus,19.773037,-103.456333
purpureus,21.605325,-104.197547
purpureus,19.637328,-101.21637
purpureus,23.1825,-104.265
purpureus,23.907373,-104.994888
purpureus,23.995833,-105.483611
purpureus,23.364167,-104.244444
purpureus,23.416111,-104.268055
purpureus,23.376843,-104.225982
purpureus,23.408333,-104.179444
purpureus,23.39212,-104.25876
purpureus,22.964639,-104.707657
purpureus,22.982138,-104.701546
purpureus,24.008333,-104.409167
purpureus,23.458784,-104.275427
purpureus,25.1275,-106.505
purpureus,19.663167,-101.5145
purpureus,19.827722,-101.852778
purpureus,19.850861,-102.020194
purpureus,19.663167,-101.5145
purpureus,19.663167,-101.5145
purpureus,19.827722,-101.852778
purpureus,18.458159,-99.766667
purpureus,24.565693,-98.909822
purpureus,22.083333,-100.833333
purpureus,19.382778,-100.433889
purpureus,19.660556,-101.368333
purpureus,19.960333,-100.107278
purpureus,19.601389,-101.383056
purpureus,18.90818,-98.725106
purpureus,21.15502,-99.61155
purpureus,19.757554,-101.256372
purpureus,20.655651,-104.06
purpureus,20.650055,-104.056069
purpureus,19.948441,-102.214216
purpureus,21.486662,-102.5993
purpureus,19.642226,-101.134001
purpureus,19.647773,-101.157046
purpureus,20.766319,-103.373425
purpureus,19.613474,-101.573306
purpureus,19.96139,-100.14806
purpureus,20.88,-103.503
purpureus,20.52,-103.483
purpureus,19.66056,-101.36833
purpureus,23.99583,-104.48361
purpureus,17.78833,-100.00389
purpureus,21.417,-104.783
purpureus,19.39911,-100.36775
purpureus,19.96139,-100.14806
purpureus,19.60972,-101.38306
purpureus,20.662,-103.459
purpureus,18.33222,-99.73417
purpureus,22.633,-103.8
purpureus,19.92722,-104.19611
purpureus,18.421667,-99.415833
purpureus,18.421667,-99.415833
purpureus,19.826288,-101.623245
purpureus,20.023094,-100.708096
purpureus,20.186672,-100.690244
purpureus,20.017231,-100.701636
purpureus,20.023279,-100.708219
purpureus,19.489473,-101.360393
purpureus,19.486837,-101.357813
purpureus,19.649052,-101.158467
purpureus,20.678833,-103.581168
purpureus,19.0447,-98.795
purpureus,20.866667,-103.5
purpureus,19.919444,-101.758333
purpureus,20.744444,-103.408055
purpureus,20.133333,-103.716667
purpureus,20.283333,-103.416667
purpureus,20.633333,-103.433333
purpureus,19.639722,-101.147778
purpureus,19.616667,-101.133333
purpureus,20.55095,-104.301625
purpureus,19.639267,-101.14823
purpureus,19.611111,-101.1025
purpureus,19.896667,-100.633333
purpureus,20.316667,-103.466667
purpureus,20.316667,-103.466667
purpureus,20.171389,-101.997222
purpureus,19.863333,-100.628333
purpureus,20.316667,-104.533333
purpureus,20.395136,-104.607081
purpureus,19.960333,-100.107278
purpureus,18.909324,-99.55657
purpureus,19.679756,-101.154661
purpureus,21.876426,-103.735866
purpureus,21.0798,-102.388
purpureus,20.7268,-103.396
purpureus,21.693,-103.335
purpureus,20.8158,-102.577
purpureus,20.6672,-102.665
purpureus,18.5477,-99.6005
purpureus,19.6503,-101.178
purpureus,19.0447,-98.795
purpureus,23.888,-105.083
purpureus,23.8429,-105.324
purpureus,21.2994,-102.691
purpureus,23.8343,-105.322
purpureus,20.3977,-103.105
purpureus,20.3518,-103.483
purpureus,19.6605,-104.481
purpureus,20.4387,-103.93
purpureus,20.4139,-103.396
purpureus,22.5113,-103.565
purpureus,19.60854,-101.375248
purpureus,20.785417,-103.39275
purpureus,20.787403,-103.390153
purpureus,20.265517,-103.923633
purpureus,19.927222,-104.196111
purpureus,19.64375,-101.148667
purpureus,23.474983,-104.143517
purpureus,20.075,-103.708333
purpureus,19.609722,-101.383055
purpureus,19.880117,-104.183383
purpureus,23.995833,-104.483611
purpureus,18.959167,-99.279722
purpureus,20.548889,-104.302305
purpureus,20.787403,-103.390153
purpureus,19.993283,-103.11605
purpureus,23.416111,-104.268056
purpureus,23.364167,-104.227778
purpureus,23.906944,-104.994444
purpureus,19.882781,-103.600561
purpureus,18.6007476,-99.6033978
purpureus,19.409228,-100.396558
purpureus,20.6769352,-103.3463183
purpureus,20.434064,-104.403919
purpureus,18.6007476,-99.6033978
purpureus,19.039169,-98.793611
purpureus,19.4916688,-100.4501379
purpureus,19.898331,-100.686389
purpureus,19.961417,-100.147917
purpureus,19.961944,-100.147222
purpureus,19.6424605,-101.1484388
purpureus,19.625,-104.275
purpureus,18.666667,-99.684722
purpureus,18.666667,-99.684722
purpureus,19.858333,-100.826944
purpureus,19.651667,-101.151667
purpureus,19.73,-101.515
purpureus,23.145,-104.265
purpureus,19.858333,-100.826944
purpureus,19.675,-101.191667
purpureus,19.54,-101.6
purpureus,20.796667,-102.768333
purpureus,19.81,-103.101667
purpureus,18.936667,-99.23
purpureus,19.675,-101.191667
purpureus,19.821667,-101.676667
purpureus,20.015,-101.37
purpureus,19.898558,-100.686416
purpureus,19.896667,-100.686667
purpureus,19.433333,-101.364167
purpureus,19.895,-101.428333
purpureus,19.895,-101.428333
purpureus,19.706667,-102.223333
purpureus,19.511468,-101.641966
purpureus,19.678333,-104.325
purpureus,23.436667,-104.133333
purpureus,19.535,-101.526667
purpureus,20.648333,-103.438333
purpureus,20.166944,-101.997222
purpureus,19.404722,-101.638333
purpureus,19.64,-101.261667
purpureus,23.62,-103.923333
purpureus,19.450563,-101.339728
purpureus,19.618333,-101.133333
purpureus,19.588333,-102.475
purpureus,23.458333,-104.308333
purpureus,19.858333,-100.826944
purpureus,19.893333,-100.443333
purpureus,20.712426,-103.51593
purpureus,21.277,-103.478389
purpureus,20.637282,-104.043446
purpureus,19.64793,-101.157367
purpureus,19.694427,-101.4004
purpureus,19.670635,-101.124387
purpureus,20.777794,-103.624291
purpureus,23.389722,-104.229167
purpureus,19.623889,-101.150833
purpureus,18.673111,-99.691722
purpureus,20.658426,-103.457029
purpureus,19.647596,-101.157049
purpureus,20.652995,-104.055483
purpureus,23.65,-105.75
purpureus,19.665833,-101.2125
purpureus,19.382778,-100.433889
purpureus,19.6925,-101.143055
purpureus,19.693611,-101.136944
purpureus,19.494722,-101.835833
purpureus,20.775,-103.355556
purpureus,19.578056,-101.2225
purpureus,20.746389,-103.330833
purpureus,19.689444,-101.138611
purpureus,19.61,-100.469167
purpureus,19.660556,-101.368333
purpureus,19.601389,-101.383056
purpureus,19.1667,-101.8333
purpureus,23.95056,-102.53278
spatulatus,20.433333,-99.166667
spatulatus,20.733333,-99.45
spatulatus,32.248333,-115.251944
spatulatus,19.209111,-101.460806
spatulatus,28.214722,-107.481111
spatulatus,20.116944,-98.733056
spatulatus,19.2,-100.05
spatulatus,17.5,-99.5
spatulatus,17.5,-99.5
spatulatus,19.2,-100.05
spatulatus,19.2,-100.05
spatulatus,19.2,-100.05
spatulatus,20.116944,-98.733056
spatulatus,20.116944,-98.733056
spatulatus,19.2,-100.05
spatulatus,20.433333,-99.166667
spatulatus,20.733333,-99.45
spatulatus,32.248333,-115.251944
spatulatus,19.083333,-100.066667
spatulatus,18.688889,-103.350833
spatulatus,19.290278,-100.323889
spatulatus,19.04,-100.04
spatulatus,19.03333,-100.05
spatulatus,28.2147,-107.4811
spatulatus,19.180803,-100.118437
spatulatus,28.361667,-108.985
spatulatus,28.2147,-107.481
spatulatus,19.905,-103.019
spatulatus,28.36333,-108.98778
spatulatus,21.583,-104.95
spatulatus,18.833,-100.333
spatulatus,28.36333,-108.98778
spatulatus,28.391667,-108.725
spatulatus,28.294167,-109.024444
spatulatus,28.375,-109.033333
spatulatus,28.391667,-108.725
spatulatus,21.448611,-99.143611
spatulatus,19.243806,-100.136083
spatulatus,20.2175,-104.164167
spatulatus,20.35,-103.816667
spatulatus,20.671667,-103.374444
spatulatus,34.268333,-116.276667
spatulatus,28.2147,-107.4811
spatulatus,20.26556,-104.15611
spatulatus,28.2147,-107.4811
spatulatus,17.640278,-97.977222
spatulatus,27.5,-107.833333
spatulatus,18.8583,-100.338
spatulatus,19.7131,-103.272
spatulatus,19.8716,-103.009
spatulatus,19.8711,-103.014
spatulatus,18.8924,-100.282
spatulatus,19.3815,-103.258
spatulatus,19.95,-103.75
spatulatus,19.3912,-103.377
spatulatus,18.868611,-100.325194
spatulatus,19.019889,-100.049778
spatulatus,18.847,-100.507778
spatulatus,19.067639,-100.068583
spatulatus,19.90535,-103.01885
spatulatus,19.048722,-100.032083
spatulatus,18.838861,-100.500833
spatulatus,19.019889,-100.049778
spatulatus,28.361667,-109.985
spatulatus,23.600072,-103.999908
spatulatus,18.734397,-103.285672
spatulatus,28.421939,-108.372219
spatulatus,20.874719,-99.239719
spatulatus,18.687503,-103.348339
spatulatus,19.428349,-100.355935
spatulatus,18.049913,-101.224228
spatulatus,20.656689,-103.463811
spatulatus,18.533333,-103.366667
spatulatus,23.360811,-104.271969
spatulatus,28.3618492,-108.961472
spatulatus,17.866667,-99.682778
spatulatus,17.585278,-99.78
spatulatus,17.889444,-99.767222
spatulatus,19.913333,-103.018333
spatulatus,19.471667,-103.306667
spatulatus,21.05,-99.55
spatulatus,19.913333,-103.018333
spatulatus,28.360556,-108.898611
spatulatus,19.060083,-100.06475
spatulatus,28.362358,-108.993301
spatulatus,18.83,-100.33
spatulatus,18.728889,-102.958333
spatulatus,18.078056,-101.213611
spatulatus,19.04,-100.04
spatulatus,19.03333,-100.05
spatulatus,19.083333,-100.066667
spatulatus,19.04,-100.04
spatulatus,18.688889,-103.350833
spatulatus,19.290278,-100.323889
spatulatus,28.36333,-108.98777
spatulatus,21.583333,-104.9
spatulatus,19.607222,-100.769167
splendens,30.979355,-116.293792
splendens,31.63333,-116.375
splendens,32.034895,-116.600102
splendens,31.724403,-116.676667
splendens,31.732736,-116.703922
splendens,31.902568,-116.554497
splendens,32.244177,-116.723584
splendens,32.243408,-116.721417
splendens,32.003917,-116.772812
splendens,32.257555,-116.891343
splendens,32.143947,-116.869944
splendens,32.279407,-116.853133
splendens,32.1374,-116.880558
splendens,31.63937,-116.525547
splendens,31.967833,-116.739569
splendens,32.138873,-116.877016
splendens,31.63932,-116.519255
splendens,31.092265,-116.240115
splendens,31.092764,-116.239793
splendens,32.141092,-116.873008
splendens,31.9673,-116.73992
splendens,32.263073,-116.871665
splendens,31.967551,-116.739743
splendens,32.266543,-116.86738
splendens,32.277901,-116.851627
splendens,31.974203,-116.658163
splendens,32.534216,-116.956044
splendens,31.4088,-116.469098
splendens,31.857223,-116.527843
splendens,31.635555,-116.520478
splendens,32.134495,-116.870554
splendens,32.533984,-116.956284
splendens,31.96275,-116.642395
splendens,32.260599,-116.924723
splendens,32.088883,-116.638612
splendens,31.863,-116.63813
splendens,31.635846,-116.520129
splendens,32.035315,-116.769825
splendens,32.136263,-116.872265
splendens,32.136238,-116.87183
splendens,31.866116,-116.533763
splendens,31.85718,-116.528464
splendens,31.686534,-116.650732
splendens,32.135871,-116.872229
splendens,31.867709,-116.533892
splendens,31.521684,-116.409752
splendens,32.088958,-116.639222
splendens,32.127394,-116.868581
splendens,32.533008,-116.957823
splendens,32.535705,-116.952704
splendens,32.534014,-116.954063
splendens,32.533096,-116.956864
splendens,32.535406,-116.95172
splendens,29.983333,-115.5
splendens,31.709357,-116.677122
splendens,31.915539,-116.544701
splendens,31.930717,-116.169802
splendens,31.710555,-116.678262
splendens,31.930771,-116.170234
splendens,31.930656,-116.170242
splendens,31.713721,-116.675631
splendens,31.920218,-116.540497
splendens,31.977365,-116.766107
splendens,32.028459,-116.841525
splendens,31.921778,-116.588172
splendens,32.02869,-116.842322
splendens,32.079647,-116.646058
splendens,31.903366,-116.530722
splendens,31.921667,-116.5886
splendens,31.977538,-116.76625
splendens,31.930517,-116.170281
splendens,31.70931,-116.67714
splendens,31.958142,-116.749398
splendens,31.432706,-116.315828
splendens,32.387086,-116.907263
splendens,31.931156,-116.169892
splendens,31.923058,-116.580397
splendens,31.888751,-116.671947
splendens,32.368544,-116.646439
splendens,31.032311,-116.2825
splendens,31.709358,-116.676917
splendens,30.951719,-116.24623
splendens,31.876415,-116.659579
splendens,31.889141,-116.671477
splendens,31.922981,-116.580544
splendens,31.840005,-116.58915
splendens,31.889042,-116.671683
splendens,31.067731,-116.226897
splendens,30.060675,-115.447355
splendens,22.966139,-105.472972
splendens,30.957009,-115.807676
splendens,32.344731,-116.798475
splendens,32.383294,-116.971608
splendens,30.96778,-115.74071
splendens,32.397062,-116.897152
splendens,32.313166,-116.855902
splendens,30.975,-115.608333
splendens,32.161296,-116.761389
splendens,32.350606,-116.803282
splendens,31.89614,-116.536517
splendens,32.373551,-116.902546
splendens,32.311841,-116.859026
splendens,31.885579,-116.672303
splendens,31.88306,-116.65679
splendens,31.923645,-116.532974
splendens,32.390797,-116.909195
splendens,32.355632,-116.798795
splendens,32.390816,-116.909168
splendens,31.724997,-116.614538
splendens,31.964597,-116.6687
splendens,32.091492,-116.84777
splendens,31.879543,-116.657028
splendens,32.095597,-116.495989
splendens,31.896245,-116.53634
splendens,31.961328,-116.736567
splendens,30.964687,-115.795167
splendens,31.967592,-116.739312
splendens,31.896916,-116.536483
splendens,31.921913,-116.581154
splendens,32.204303,-116.865045
splendens,30.964572,-115.795067
splendens,32.402382,-116.912535
splendens,31.956173,-116.749957
splendens,31.232446,-116.200755
splendens,31.922314,-116.581258
splendens,32.079638,-116.645557
splendens,31.927843,-116.60169
splendens,31.882338,-116.658798
splendens,32.322767,-116.960809
splendens,31.927576,-116.602465
splendens,31.927824,-116.601708
splendens,31.923662,-116.56862
splendens,32.472921,-117.042794
splendens,31.72223,-116.700156
splendens,31.71457,-116.686631
splendens,32.322669,-116.961912
splendens,31.845772,-116.554437
splendens,31.931741,-116.175258
splendens,31.060647,-116.231064
splendens,31.924472,-116.582567
splendens,31.921592,-116.588456
splendens,30.060494,-115.444153
splendens,31.86545,-116.639972
splendens,31.261197,-116.274378
splendens,31.921922,-116.588242
splendens,31.092575,-116.289675
splendens,31.072683,-116.29138
splendens,31.922303,-116.581603
splendens,31.922408,-116.581572
splendens,31.895521,-116.611144
splendens,31.931747,-116.175255
splendens,31.29932,-116.324858
splendens,31.87982,-116.661663
splendens,31.090503,-116.020508
splendens,31.917215,-116.722149
splendens,31.921403,-116.58055
splendens,22.966139,-105.472972
splendens,29.98333,-115.5
splendens,31.921503,-116.572825
splendens,32.157897,-116.458854
splendens,32.563844,-116.635548
splendens,31.456872,-116.122979
splendens,32.025662,-115.912622
splendens,32.375114,-116.663789
splendens,32.353128,-116.688133
splendens,32.354258,-116.687386
splendens,32.354286,-116.687516
splendens,32.007214,-116.138311
splendens,32.427925,-116.677374
splendens,32.363056,-116.801944
splendens,31.869539,-116.134196
splendens,31.888467,-116.321433
splendens,31.888397,-116.321511
splendens,31.714016,-116.675676
splendens,31.887128,-116.320656
splendens,31.369008,-116.320983
splendens,31.713792,-116.675072
splendens,31.868193,-116.13733
splendens,31.295863,-116.323432
splendens,31.906605,-116.544701
splendens,31.924537,-116.582445
splendens,31.435764,-116.311552
splendens,31.803994,-116.567558
splendens,31.891254,-116.621778
splendens,31.95745,-116.602014
splendens,31.906625,-116.544708
splendens,31.295794,-116.323272
splendens,31.906509,-116.54422
splendens,31.865152,-116.64077
splendens,31.687242,-116.650147
splendens,31.88377,-116.34861
splendens,31.88372,-116.348549
splendens,31.921555,-116.588463
splendens,31.883875,-116.348555
splendens,32.283942,-116.942925
splendens,31.887011,-116.320543
splendens,31.981739,-116.613031
splendens,31.887009,-116.320547
splendens,31.435517,-116.311447
splendens,31.883762,-116.348556
splendens,32.025771,-116.540293
splendens,32.025728,-116.540286
splendens,31.909607,-116.533656
splendens,32.156735,-116.657782
splendens,32.156605,-116.65753
splendens,32.277339,-116.905335
splendens,32.1,-116.85
splendens,31.921975,-116.702057
splendens,31.544911,-116.416338
splendens,30.966667,-115.783333
splendens,30.9667423,-116.0672291
splendens,32.45,-116.15
splendens,30.833,-115.8
splendens,31.90333,-116.606
splendens,31.92611,-116.67447
splendens,30.017,-115.5
splendens,31.431111,-116.280278
splendens,31.540158,-116.590692
splendens,32.082122,-116.504403
splendens,32.143003,-116.659988
splendens,32.4344,-116.7043
splendens,32.08512,-116.85062
splendens,30.6946,-115.32808
splendens,31.91667,-116.38333
splendens,32.375,-116.9
splendens,32.08333,-116.86667
splendens,30.1739,-115.555
splendens,31.23274,-115.76863
splendens,31.20818,-116.3306
splendens,32.41667,-116.85
splendens,31.07983,-116.09824
splendens,31.04335,-116.05946
splendens,31.35833,-116.2
splendens,32.01247,-116.67257
splendens,32.5625,-116.56667
splendens,32.46667,-116.75833
splendens,31.0125,-116.2875
splendens,30.45,-115.77083
splendens,32.23333,-116.925
splendens,32.29167,-116.9
splendens,31.65,-116.3
splendens,32.08778,-116.87278
splendens,32.3667,-116.6486
splendens,31.51667,-116.56667
splendens,31.9,-116.65
splendens,31.93333,-116.56667
splendens,32.383431,-116.982489
splendens,31.89761,-116.675365
splendens,32.377922,-116.980636
splendens,31.896745,-116.551464
splendens,31.912086,-116.601528
splendens,31.952203,-116.742622
splendens,31.519042,-116.405639
splendens,32.018762,-116.664498
splendens,31.845993,-116.545
splendens,31.686748,-116.650598
splendens,32.563795,-116.635522
splendens,31.926273,-116.715855
splendens,31.907974,-116.535659
splendens,31.921914,-116.580903
splendens,31.067503,-116.227753
splendens,31.921749,-116.585794
splendens,31.88459,-116.33844
splendens,31.246722,-116.200203
splendens,31.923283,-116.580398
splendens,31.687594,-116.650672
splendens,31.802713,-116.57543
splendens,31.687442,-116.650169
splendens,31.905985,-116.542854
splendens,31.925586,-116.719519
splendens,31.68147,-116.63845
splendens,31.518411,-116.405381
splendens,31.880295,-116.309692
splendens,31.898652,-116.550949
splendens,31.922578,-116.580956
splendens,31.802731,-116.575592
splendens,32.337622,-116.563986
splendens,32.001843,-116.692363
splendens,32.368169,-116.546325
splendens,32.428547,-116.675544
splendens,32.162553,-116.771842
splendens,31.715828,-116.687077
splendens,31.884232,-116.654697
splendens,31.922201,-116.58118
splendens,31.414665,-116.465652
splendens,31.673042,-116.627
splendens,31.681311,-116.638541
splendens,31.905045,-116.528417
splendens,31.925958,-116.72945
splendens,31.65416,-116.647042
splendens,31.732532,-116.703293
splendens,31.881684,-116.663206
splendens,31.868574,-116.134354
splendens,31.796673,-116.499882
splendens,31.715243,-116.686648
splendens,32.458275,-116.390177
splendens,31.880566,-116.657255
splendens,31.376427,-116.469185
splendens,31.43889,-116.394615
splendens,31.883282,-116.349541
splendens,32.042343,-116.130096
splendens,31.687119,-116.6502
splendens,31.5518,-116.414894
splendens,31.89685,-116.674842
splendens,32.006245,-116.138168
splendens,31.714857,-116.687525
splendens,32.092449,-116.492264
splendens,31.674229,-116.632375
splendens,31.670994,-116.627061
splendens,32.010651,-116.767693
splendens,31.926103,-116.730123
splendens,32.090664,-116.495094
splendens,31.462973,-116.554565
splendens,31.681591,-116.638379
splendens,32.142797,-116.660632
splendens,31.713848,-116.674851
splendens,31.68715,-116.650202
splendens,31.925995,-116.729324
splendens,32.431687,-116.675017
splendens,31.911421,-116.528015
splendens,31.877597,-116.65566
splendens,30.967072,-115.736988
splendens,30.946577,-115.933401
splendens,30.960117,-115.843125
splendens,32.368481,-116.646064
splendens,32.369244,-116.652992
splendens,31.864359,-116.637436
splendens,31.973746,-116.664239
splendens,26.05667,-111.81722
splendens,31.924598,-116.524066
splendens,32.437522,-116.692253
splendens,31.685458,-116.653236
splendens,31.734092,-115.885528
splendens,32.458303,-116.389892
splendens,31.904813,-116.304015
splendens,31.63333,-116.375
splendens,32.08333,-116.86667
splendens,31.57689,-116.514217
splendens,31.23274,-115.76863
splendens,31.20818,-116.3306
splendens,32.41667,-116.85
splendens,31.91667,-116.38333
splendens,32.08512,-116.85062
splendens,29.96667,-115.8
splendens,31.65,-116.3
splendens,32.20547,-116.9103
splendens,31.51667,-116.56667
splendens,32.2931,-115.984
splendens,32.20547,-116.9103
splendens,31.7,-116.06667
splendens,31.56667,-116.45
splendens,31.10998,-115.63548
splendens,31.9,-116.65
splendens,32.083333,-116.86667
splendens,32.23333,-116.925
splendens,31.9,-116.65
splendens,32.08333,-116.86667
splendens,32.087778,-116.872778
splendens,31.0125,-116.2875
splendens,32.375,-116.9
splendens,32.29167,-116.9
splendens,30.45,-115.77083
splendens,31.35833,-116.2
splendens,32.5625,-116.56667
splendens,32.46667,-116.75833
splendens,31.93333,-116.56667
splendens,32.4229,-116.1462
splendens,32.3167,-115.983
splendens,32.01247,-116.67257
splendens,31.9,-116.65
splendens,31.922358,-116.587533
splendens,32.301269,-116.526664
splendens,32.431775,-116.67505
splendens,32.441822,-116.683312
splendens,30.96623,-115.736445
splendens,32.092973,-116.843048
splendens,31.966322,-116.629067
splendens,31.369303,-116.320878
splendens,31.922758,-116.521942
splendens,32.383646,-116.901642
splendens,31.376456,-116.468728
splendens,31.922392,-116.581313
splendens,31.926172,-116.730208
splendens,31.681389,-116.638878
splendens,31.922583,-116.581437
splendens,31.803083,-116.572762
splendens,31.920537,-116.506128
splendens,31.841389,-116.606944
splendens,31.893167,-116.611297
splendens,31.687078,-116.650283
splendens,31.953874,-116.659147
splendens,31.914077,-116.528773
splendens,31.953874,-116.659147
splendens,31.80342,-116.568292
splendens,31.893657,-116.611398
splendens,31.879732,-116.660574
splendens,31.89665,-116.595983
splendens,31.80285,-116.572587
splendens,31.0798,-116.098
splendens,32.360987,-116.644378
splendens,32.368075,-116.647683
splendens,32.375392,-116.632559
splendens,32.360092,-116.64425
splendens,31.803112,-116.5728
splendens,32.479828,-117.047096
splendens,31.887713,-116.577211
splendens,31.032961,-116.283408
splendens,31.093456,-116.288226
splendens,31.032136,-116.28463
splendens,31.862259,-116.636251
splendens,32.202778,-116.902778
splendens,32.142875,-116.660531
splendens,31.862274,-116.636346
splendens,31.973746,-116.664239
splendens,31.508378,-116.309058
splendens,32,-115.958333
splendens,29.96667,-115.8
splendens,32.29311,-115.98406
splendens,32.31667,-115.98333
splendens,32.45,-116.13333
splendens,31.10998,-115.63548
splendens,31.57689,-116.514217
splendens,31.10998,-115.63548
splendens,31.887183,-116.320647
splendens,31.914994,-116.602889
splendens,32.016144,-116.136314
splendens,32.006264,-116.138306
splendens,30.96206,-115.735407
splendens,32.037995,-116.770653
splendens,31.898126,-116.609223
splendens,31.89081,-116.621642
splendens,31.915608,-116.603732
splendens,30.966092,-115.736295
splendens,32.147686,-116.782456
splendens,32.134442,-116.638519
splendens,31.891542,-116.643106
splendens,31.831456,-116.548554
splendens,31.678689,-116.638206
splendens,31.986113,-116.734392
splendens,31.986113,-116.734402
splendens,31.898132,-116.609081
splendens,31.055372,-116.305454
splendens,31.883706,-116.348739
splendens,32.089079,-116.853182
splendens,31.032369,-116.282519
splendens,32.092381,-116.492394
splendens,31.92553,-116.582855
splendens,31.551767,-116.414589
splendens,31.470681,-116.382194
splendens,31.913076,-116.604064
splendens,31.687053,-116.650222
splendens,31.897613,-116.675441
splendens,31.9398,-116.748
splendens,31.896486,-115.986889
splendens,30.002939,-115.761467
splendens,31.708333,-116.075
splendens,32.541667,-117.125
splendens,31.641667,-115.641667
splendens,30.175,-115.158333
splendens,32,-115.966667
splendens,30.960287,-115.843322
splendens,32.369117,-116.645355
splendens,32.369033,-116.645508
splendens,31.01897,-116.298705
splendens,31.299028,-116.323861
splendens,32.040531,-116.762996
splendens,32.434859,-116.675002
splendens,30.955,-115.814444
splendens,30.066667,-115.333333
splendens,30.066667,-115.383333
splendens,30.966667,-116.133333
splendens,31.63333,-116.38333
splendens,31.58333,-116.46666
venustulus,24.25,-104.7
venustulus,23.521068,-105.652984
venustulus,28.901372,-104.74385
venustulus,28.375,-108.9083
venustulus,24.25,-104.7
venustulus,24.25,-104.7
venustulus,23.521068,-105.652984
venustulus,25.183333,-99.75
venustulus,23.590137,-105.872425
venustulus,28.786316,-106.502495
venustulus,28.790493,-106.495415
venustulus,28.793518,-106.481171
venustulus,25.687778,-107.025556
venustulus,23.792272,-105.218247
venustulus,29.317919,-108.160986
venustulus,23.590722,-105.844805
venustulus,24.07625,-105.740444
venustulus,23.908056,-105.342222
venustulus,30.111667,-108.286667
venustulus,23.479167,-104.844444
venustulus,23.590722,-105.844805
venustulus,23.207861,-104.943305
venustulus,28.385,-108.125278
venustulus,23.716944,-105.672222
venustulus,28.658333,-107.575
venustulus,23.207861,-104.943305
venustulus,23.206,-104.944194
venustulus,29.81603,-108.70449
venustulus,23.902267,-105.352179
venustulus,26.55,-106.3
venustulus,24.25,-104.7
venustulus,23.521068,-105.652984
venustulus,24.25,-104.7
venustulus,24.25,-104.7
venustulus,28.901372,-104.74385
venustulus,25.183333,-99.75
venustulus,23.521068,-105.652984
venustulus,28.375,-108.9083
venustulus,19.05,-99.87
venustulus,19.03333,-100.05
venustulus,19.05,-99.87
venustulus,19.025,-100.033056
venustulus,29.752983,-108.434233
venustulus,25.956111,-107.047778
venustulus,23.706613,-105.722998
venustulus,26.068273,-106.955742
venustulus,23.208611,-104.948055
venustulus,28.373611,-108.933333
venustulus,30.1116,-108.287
venustulus,19.06764,-100.06858
venustulus,20.371,-104.595
venustulus,28.375,-108.908
venustulus,28.37361,-108.933
venustulus,18.55639,-99.49444
venustulus,18.56417,-99.50444
venustulus,19.88,-104.183
venustulus,27.726944,-107.613889
venustulus,28.3851,-108.292
venustulus,22.967,-104.667
venustulus,18.58583,-99.61861
venustulus,28.5,-108.5
venustulus,29.206944,-108.296944
venustulus,29.337429,-108.420107
venustulus,29.687932,-108.273064
venustulus,30.05,-108.317
venustulus,28.5,-108.5
venustulus,28.39639,-108.92278
venustulus,29.78994,-108.78241
venustulus,28.5,-108.5
venustulus,19.0219,-100.035
venustulus,19.0518,-99.881
venustulus,23.75,-105.41667
venustulus,23.53333,-104.7
venustulus,28.44,-108.55556
venustulus,30.05,-108.31667
venustulus,24.0698,-105.142
venustulus,19.0518,-99.881
venustulus,25.95,-107.05
venustulus,19.0528,-99.8791
venustulus,28.391667,-108.908333
venustulus,19.047222,-100.093333
venustulus,21.405833,-104.043889
venustulus,25.956111,-107.047778
venustulus,20.36667,-103.96667
venustulus,23.57083,-105.85
venustulus,29.11278,-106.65472
venustulus,23.55444,-104.71194
venustulus,23.82778,-105.33333
venustulus,23.73333,-105.66667
venustulus,19.044417,-100.04405
venustulus,20.401,-104.625
venustulus,19.0015,-100.057
venustulus,20.376,-104.73
venustulus,19.2069,-103.133
venustulus,23.7295,-105.601
venustulus,23.7295,-105.592
venustulus,20.3852,-104.819
venustulus,20.3831,-104.812
venustulus,29.9658,-108.32
venustulus,24.0698,-105.142
venustulus,20.2108,-104.833
venustulus,20.3804,-104.822
venustulus,20.3831,-104.635
venustulus,19.0518,-99.881
venustulus,20.2669,-104.463
venustulus,19.9124,-104.549
venustulus,20.388,-104.636
venustulus,19.0528,-99.8791
venustulus,23.7269,-105.604
venustulus,23.533333,-104.7
venustulus,23.58721,-105.847723
venustulus,18.952,-100.123111
venustulus,20.370633,-104.59495
venustulus,19.04725,-100.093383
venustulus,19.998056,-103.813611
venustulus,18.952,-100.123111
venustulus,19.067639,-100.068583
venustulus,19.880117,-104.183383
venustulus,19.019889,-100.049778
venustulus,19.019889,-100.049778
venustulus,27.167778,-107.351389
venustulus,27.212222,-107.531944
venustulus,28.168333,-108.206944
venustulus,19.048722,-100.032083
venustulus,19.04725,-100.093333
venustulus,19.022219,-100.030281
venustulus,29.622817,-108.370489
venustulus,19.052781,-99.879719
venustulus,29.662602,-108.2112824
venustulus,23.533333,-104.7
venustulus,19.0534142,-99.8798389
venustulus,28.421939,-108.372219
venustulus,26.681389,-106.1886
venustulus,28.396789,-108.300428
venustulus,27.7291239,-107.6131232
venustulus,23.918558,-104.997406
venustulus,23.804258,-105.337989
venustulus,25.957203,-107.045378
venustulus,28.495281,-108.480561
venustulus,25.95,-107.05
venustulus,28.687094,-108.965203
venustulus,23.763022,-105.418722
venustulus,23.84425,-105.320528
venustulus,21.74,-104.58
venustulus,28.4376264,-108.5509997
venustulus,26.57075,-105.3086088
venustulus,28.371316,-108.9259382
venustulus,28.63549,-106.0892
venustulus,19.0402803,-100.054971
venustulus,30.05,-108.316667
venustulus,23.8755376,-105.1358632
venustulus,20.5,-104.766667
venustulus,18.585833,-99.618611
venustulus,20.128333,-104.346667
venustulus,23.011667,-104.305
venustulus,25.286667,-105.485
venustulus,20.525278,-104.786389
venustulus,23.82,-105.335
venustulus,20.786667,-103.848333
venustulus,21.39,-104.088333
venustulus,20.525278,-104.786389
venustulus,23.908139,-105.342306
venustulus,19.05,-99.87
venustulus,29.9833,-108.3333
venustulus,19.05,-99.87
venustulus,26.57,-105.3
venustulus,19.025,-100.033056
venustulus,19.03333,-100.05
venustulus,23.53333,-104.7
venustulus,28.96611,-106.21861
weedii,32.066726,-116.734649
weedii,32.00797,-116.710133
weedii,32.042327,-116.696799
weedii,31.985104,-116.635756
weedii,32.499597,-116.672176
weedii,31.937311,-116.627696
weedii,32.483333,-116.6
weedii,32.276223,-116.804738
weedii,32.396817,-116.882032
weedii,32.560747,-116.936377
weedii,32.477835,-116.810674
weedii,32.260842,-116.823802
weedii,31.083278,-115.883222
weedii,32.43325,-116.750056
weedii,32.1138671,-115.9617725
weedii,31.8637358,-116.6122652
weedii,31.488,-116.5785
weedii,31.55,-116.5833
weedii,31.488,-116.5785
weedii,30.975,-115.625
weedii,32.32038,-116.8053
weedii,31.892473,-116.415369
weedii,32.224686,-116.937447
weedii,31.883932,-116.523239
weedii,31.903533,-116.455656
weedii,31.854903,-116.563083
weedii,32.24369,-116.823603
weedii,32.355514,-116.996461
weedii,32.358549,-116.970039
weedii,32.31331,-116.66072
weedii,32.500018,-116.766887
weedii,31.880901,-116.561389
weedii,32.492484,-116.320578
weedii,31.813473,-116.504094
weedii,31.446983,-116.525595
weedii,32.382312,-116.975334
weedii,31.838072,-116.463002
weedii,32.286731,-116.801541
weedii,31.971703,-116.626886
weedii,31.88392,-116.471549
weedii,32.395929,-116.841431
weedii,31.975848,-116.741803
weedii,32.32338,-116.801315
weedii,32.309587,-116.906085
weedii,32.350574,-116.919096
weedii,32.323561,-116.941943
weedii,31.97065,-116.764831
weedii,31.935886,-116.439126
weedii,32.306223,-116.843965
weedii,32.370199,-116.778351
weedii,32.483,-116.6
weedii,32.338736,-116.936184
weedii,31.425739,-116.519838
weedii,31.50029,-116.418108
weedii,31.510249,-116.5246
weedii,31.47207,-116.465156
weedii,31.490577,-116.580894
weedii,32.08333,-116.49767
weedii,30.53333,-115.38333
weedii,31.00833,-115.45
weedii,32.525,-116.8
weedii,32.31333,-116.66083
weedii,31.91195,-116.11685
weedii,31.08333,-115.89167
weedii,31.18333,-116.3
weedii,31.1,-115.65833
weedii,31.51667,-116.56667
weedii,31.5,-116.56667
weedii,31.55,-116.58333
weedii,31.9667,-116.633
weedii,32.48333,-116.6
weedii,31.88333,-116.51667
weedii,31.45,-115.81667
weedii,31.50833,-116.3
weedii,30.95,-115.83333
weedii,32.4375,-116.7625
weedii,32.01247,-116.67257
weedii,32.29167,-116.9
weedii,31.815089,-116.410801
weedii,31.81291,-116.369561
weedii,31.828031,-115.813604
weedii,32.230945,-116.41821
weedii,32.240523,-116.572009
weedii,31.928512,-116.655451
weedii,30.963524,-115.779795
weedii,32.266277,-116.480268
weedii,31.976895,-116.77688
weedii,32.392524,-116.587329
weedii,32.025508,-116.126966
weedii,32.299172,-116.557517
weedii,32.26226,-116.513674
weedii,32.327104,-116.576152
weedii,32.4375,-116.7625
weedii,31.883882,-116.515106
weedii,30.890833,-115.484382
weedii,32.37436,-116.710543
weedii,31.860942,-116.635739
weedii,31.961188,-116.600575
weedii,30.891684,-115.605394
weedii,32.388439,-116.476668
weedii,31.1,-115.658333
weedii,32.382819,-116.590822
weedii,32.208699,-116.456294
weedii,32.21947,-116.488635
weedii,32.303356,-116.501267
weedii,31.964884,-116.771115
weedii,31.048143,-116.25
weedii,32.445833,-116.7625
weedii,31.8833,-116.517
weedii,32.4375,-116.7625
weedii,32.48333,-116.6
weedii,31.18333,-116.3
weedii,32.4375,-116.7625
weedii,31.08333,-115.89167
weedii,32.08333,-116.49767
weedii,31.55,-116.583333
weedii,32.525,-116.8
weedii,31.51667,-116.56667
weedii,31.5,-116.567
weedii,32.5159,-116.7693
weedii,30.9664,-115.5853
weedii,32.2833,-116.9
weedii,31.91195,-116.11685
weedii,31.50833,-116.3
weedii,30.95,-115.83333
weedii,32.29167,-116.9
weedii,31.88333,-116.51667
weedii,31.5,-116.56667
weedii,31.9667,-116.633
weedii,31.45,-115.81667
weedii,31.1,-115.65833
weedii,30.9701,-115.7452
weedii,30.53333,-115.38333
weedii,32.01247,-116.67257
weedii,32.21204,-116.800114
weedii,31.083333,-115.891667
weedii,31.55,-116.583333
weedii,32.4375,-116.7625
weedii,31.5,-116.566667
weedii,31.083333,-115.891667
weedii,31.5,-116.56667
weedii,30.96667,-115.61667
weedii,32.430971,-116.711156
weedii,32.105353,-116.152531
weedii,31.348212,-116.395326
weedii,32.213494,-116.818715
weedii,31.8833,-116.517
weedii,32.2833,-116.9
weedii,31.048143,-116.25
weedii,31.851194,-116.585593
weedii,32.5406,-116.076855
weedii,31.558333,-116.591667
weedii,31.891667,-116.525
weedii,30.941667,-115.475
weedii,30.975,-115.625
weedii,32.445833,-116.7625
weedii,30.850398,-115.649294
weedii,30.807186,-115.729988
weedii,30.954789,-115.780436
weedii,30.884981,-115.737247
weedii,30,-115.25
weedii,32.483333,-116.6
weedii,30,-115.25