species,longitude,latitude
flexuosus,-112.257084,33.875204
flexuosus,-114.361452,33.729854
flexuosus,-114.825587,36.321304
flexuosus,-114.221786,36.485737
flexuosus,-113.622658,37.153683
flexuosus,-110.782363,33.405677
flexuosus,-115.507605,36.166417
flexuosus,-113.653889,37.283056
flexuosus,-113.368816,37.264268
flexuosus,-111.388823,34.038094
flexuosus,-111.394769,34.118722
flexuosus,-115.47253,38.049949
flexuosus,-115.41054,38.22246
flexuosus,-114.44306,36.91611
flexuosus,-114.81769,37.0115
flexuosus,-115.624993,37.882632
flexuosus,-115.133222,38.088474
flexuosus,-115.281343,37.340433
flexuosus,-115.393306,37.619474
flexuosus,-108.696926,37.172428
flexuosus,-108.988865,37.33324
flexuosus,-108.988865,37.33324
flexuosus,-107.876119,37.047916
flexuosus,-108.740968,37.016917
flexuosus,-107.87431,37.1502
flexuosus,-116.322088,36.451363
flexuosus,-116.321853,36.450792
flexuosus,-116.322762,36.450537
flexuosus,-116.321533,36.450888
flexuosus,-110.378244,37.877725
flexuosus,-113.447461,37.151674
flexuosus,-109.173205,39.034614
flexuosus,-114.921082,36.152047
flexuosus,-113.537706,35.484995
flexuosus,-114.468785,35.937702
flexuosus,-113.647974,34.694925
flexuosus,-115.464723,36.103375
flexuosus,-113.370764,37.221537
flexuosus,-114.203967,37.011533
flexuosus,-108.528167,36.796439
flexuosus,-108.972972,38.196043
flexuosus,-114.523842,38.884053
flexuosus,-114.525078,38.88395
flexuosus,-108.966249,38.019848
flexuosus,-108.530403,36.791783
flexuosus,-108.995369,38.194337
flexuosus,-115.410083,36.166824
flexuosus,-112.450762,37.023272
flexuosus,-115.401145,36.053855
flexuosus,-114.414575,36.89886
flexuosus,-115.522415,36.026857
flexuosus,-115.759056,36.211605
flexuosus,-115.758438,36.212742
flexuosus,-115.482435,36.012397
flexuosus,-114.906997,36.599656
flexuosus,-109.618107,37.262415
flexuosus,-114.3935,36.749
flexuosus,-112.060073,36.723838
flexuosus,-111.773311,34.674919
flexuosus,-111.6508,35.939806
flexuosus,-111.753624,34.648861
flexuosus,-111.754172,34.868711
flexuosus,-111.6614,34.674078
flexuosus,-115.501228,36.175113
flexuosus,-115.496886,36.15655
flexuosus,-114.257528,37.066611
flexuosus,-115.288194,37.694694
flexuosus,-114.646389,38.131167
flexuosus,-114.443056,36.916111
flexuosus,-116.880893,36.694232
flexuosus,-114.858712,36.000754
flexuosus,-114.050556,37.1625
flexuosus,-113.448889,37.158889
flexuosus,-113.258028,37.221833
flexuosus,-113.854167,37.236111
flexuosus,-113.635833,37.02
flexuosus,-113.060833,37.163611
flexuosus,-113.294167,37.330278
flexuosus,-113.643056,37.011944
flexuosus,-113.99486,37.33781
flexuosus,-113.84501,38.47599
flexuosus,-114.04927,37.00077
flexuosus,-113.59583,37.1028
flexuosus,-112.50185,37.03625
flexuosus,-111.91375,37.16511
flexuosus,-109.31083,38.88066
flexuosus,-113.13888,37.88888
flexuosus,-112.50333,37.03516
flexuosus,-112.50388,37.03301
flexuosus,-114.01883,37.10133
flexuosus,-114.14546,36.52286
flexuosus,-114.25752,37.06661
flexuosus,-112.69663,37.98243
flexuosus,-114.42865,36.62766
flexuosus,-113.23306,36.18003
flexuosus,-113.049,37.6673
flexuosus,-113.74717,37.35358
flexuosus,-113.81266,37.21366
flexuosus,-112.84609,36.87925
flexuosus,-113.6775,37.14483
flexuosus,-113.89875,38.55092
flexuosus,-114.20426,36.57621
flexuosus,-109.1075,36.98833
flexuosus,-115.28819,37.69469
flexuosus,-114.15671,36.5283
flexuosus,-114.02306,37.08923
flexuosus,-113.86666,36.36305
flexuosus,-114.64638,38.13116
flexuosus,-114.22843,36.77475
flexuosus,-111.96516,36.92533
flexuosus,-111.67633,36.80283
flexuosus,-108.939476,38.184367
flexuosus,-116.722711,36.894553
flexuosus,-113.110978,36.760783
flexuosus,-113.228762,37.45562
flexuosus,-111.919047,34.797343
flexuosus,-111.114472,33.645383
flexuosus,-112.374789,34.991003
flexuosus,-111.795137,34.843192
flexuosus,-116.877192,36.974008
flexuosus,-116.717497,36.891511
flexuosus,-111.114355,33.645464
flexuosus,-111.769478,34.813366
flexuosus,-111.706825,34.676678
flexuosus,-116.529558,38.163391
flexuosus,-111.752585,34.6477
flexuosus,-113.228783,37.45553
flexuosus,-111.894528,34.830027
flexuosus,-116.094734,36.45153
flexuosus,-115.431237,36.148697
flexuosus,-111.706817,34.676658
flexuosus,-110.086564,36.957822
flexuosus,-112.350212,37.021031
flexuosus,-111.793877,34.872563
flexuosus,-115.48803,36.124528
flexuosus,-116.763428,37.026069
flexuosus,-112.025809,34.771199
flexuosus,-108.899069,38.015909
flexuosus,-113.228737,37.45557
flexuosus,-108.807994,38.129442
flexuosus,-113.626587,37.020747
flexuosus,-112.057746,36.732517
flexuosus,-116.332114,36.453439
flexuosus,-115.465112,36.100327
flexuosus,-111.925652,34.708893
flexuosus,-115.23838,36.106331
flexuosus,-108.975803,38.008204
flexuosus,-113.228858,37.455208
flexuosus,-116.733606,36.891739
flexuosus,-116.666122,36.871681
flexuosus,-111.894783,34.812763
flexuosus,-116.666381,36.869728
flexuosus,-110.088355,36.989222
flexuosus,-116.669153,36.880414
flexuosus,-108.504349,35.128984
flexuosus,-115.670739,36.039617
flexuosus,-115.37388,33.47138
flexuosus,-115.477378,36.102745
flexuosus,-113.9127,37.0844
flexuosus,-114.183556,36.845689
flexuosus,-114.183175,36.846367
flexuosus,-115.350643,37.604682
flexuosus,-114.183961,36.846142
flexuosus,-114.183281,36.846081
flexuosus,-115.262603,35.859019
flexuosus,-108.530394,36.791778
flexuosus,-114.323745,34.348038
flexuosus,-114.177339,36.822728
flexuosus,-108.528106,36.796508
flexuosus,-114.176497,36.825211
flexuosus,-113.56392,37.231742
flexuosus,-108.930127,32.669158
flexuosus,-114.184075,36.846367
flexuosus,-114.176889,36.823842
flexuosus,-116.749725,37.00375
flexuosus,-107.920683,36.034562
flexuosus,-113.555226,37.876738
flexuosus,-115.500528,35.815403
flexuosus,-112.487475,37.139337
flexuosus,-112.468227,34.885551
flexuosus,-111.758238,34.795903
flexuosus,-111.890361,34.549348
flexuosus,-111.789545,34.822145
flexuosus,-113.638589,37.227783
flexuosus,-116.712745,37.039325
flexuosus,-114.899933,37.23968
flexuosus,-112.515496,37.017318
flexuosus,-111.788002,34.874683
flexuosus,-108.162597,36.759803
flexuosus,-112.0513,36.754262
flexuosus,-113.229163,37.45532
flexuosus,-116.740342,36.999806
flexuosus,-112.0513,36.754262
flexuosus,-108.620956,37.1533
flexuosus,-111.825767,34.842955
flexuosus,-112.395551,35.025527
flexuosus,-113.6399,37.085786
flexuosus,-109.042236,36.864955
flexuosus,-113.9092,37.0965
flexuosus,-114.223192,36.455982
flexuosus,-113.101844,37.27128
flexuosus,-114.001336,37.017756
flexuosus,-112.526514,37.058594
flexuosus,-113.91296,37.08405
flexuosus,-112.517057,37.001233
flexuosus,-109.042328,36.864813
flexuosus,-109.042236,36.865017
flexuosus,-109.042283,36.864938
flexuosus,-111.773605,34.818275
flexuosus,-112.984955,37.089646
flexuosus,-113.101836,37.271255
flexuosus,-112.548728,37.030736
flexuosus,-113.102158,37.270988
flexuosus,-114.140664,36.52326
flexuosus,-113.10218,37.270992
flexuosus,-115.32472,33.62611
flexuosus,-113.819114,37.01576
flexuosus,-116.73365,36.893039
flexuosus,-115.450867,36.164125
flexuosus,-111.403013,34.220222
flexuosus,-114.134532,36.623194
flexuosus,-111.402703,34.2202
flexuosus,-111.388695,34.216817
flexuosus,-111.748505,34.886567
flexuosus,-115.491335,36.123796
flexuosus,-111.388787,34.216658
flexuosus,-111.757214,34.754511
flexuosus,-111.762844,34.797781
flexuosus,-111.834205,34.852917
flexuosus,-114.07968,36.538432
flexuosus,-115.424278,36.149933
flexuosus,-114.206069,36.58062
flexuosus,-111.402887,34.220195
flexuosus,-111.883777,34.808195
flexuosus,-115.491335,36.123796
flexuosus,-111.988175,36.038361
flexuosus,-111.875488,34.735017
flexuosus,-113.578865,37.193053
flexuosus,-115.476708,36.09527
flexuosus,-108.634927,32.626633
flexuosus,-111.388755,34.216717
flexuosus,-113.403345,37.2256
flexuosus,-115.462636,36.067137
flexuosus,-112.468227,34.885551
flexuosus,-115.447022,36.160162
flexuosus,-114.915755,36.540037
flexuosus,-108.741828,32.639039
flexuosus,-116.332053,36.453442
flexuosus,-111.395523,34.035914
flexuosus,-113.473053,37.017826
flexuosus,-115.479012,36.125358
flexuosus,-114.140975,36.522792
flexuosus,-113.54018,37.097316
flexuosus,-113.566235,37.006352
flexuosus,-115.482545,36.117097
flexuosus,-111.828772,34.807234
flexuosus,-114.522058,36.483369
flexuosus,-113.624222,37.066472
flexuosus,-116.063072,35.883572
flexuosus,-114.547941,36.251495
flexuosus,-113.599793,37.098633
flexuosus,-113.620017,37.068553
flexuosus,-114.140197,36.523152
flexuosus,-113.567324,37.111686
flexuosus,-113.353063,37.228275
flexuosus,-115.457731,36.153083
flexuosus,-113.493101,37.157051
flexuosus,-113.595297,37.12333
flexuosus,-115.058705,35.932052
flexuosus,-115.492465,36.155676
flexuosus,-113.640083,34.92663
flexuosus,-113.499809,37.155518
flexuosus,-114.533211,36.487501
flexuosus,-112.056048,34.767533
flexuosus,-114.627141,36.244447
flexuosus,-114.623884,36.242901
flexuosus,-108.16313,36.759125
flexuosus,-116.332078,36.453406
flexuosus,-116.320734,36.49667
flexuosus,-111.751647,34.871628
flexuosus,-109.776703,33.030655
flexuosus,-115.45183,36.165893
flexuosus,-113.49534,37.151709
flexuosus,-108.599083,33.024188
flexuosus,-115.462543,36.068143
flexuosus,-112.511729,37.006694
flexuosus,-114.997903,36.452358
flexuosus,-113.491028,37.119617
flexuosus,-111.088097,33.642845
flexuosus,-116.296042,36.412045
flexuosus,-110.949367,33.644015
flexuosus,-116.33031,36.454814
flexuosus,-114.32373,34.348003
flexuosus,-115.13389,41.13944
flexuosus,-113.05,37.3
flexuosus,-114.35833,38.84139
flexuosus,-112.031249,36.055512
flexuosus,-115.16361,37.248996
flexuosus,-109.012111,36.978524
flexuosus,-117.037355,34.352215
flexuosus,-115.54083,36.24306
flexuosus,-114.56833,36.66528
flexuosus,-112.371181,36.898317
flexuosus,-113.408963,37.164005
flexuosus,-111.57778,36.86806
flexuosus,-110.850584,37.616216
flexuosus,-117.424913,34.32833
flexuosus,-116.98056,36.71722
flexuosus,-113.88333,37.05528
flexuosus,-113.28389,37.296832
flexuosus,-115.44444,36.29472
flexuosus,-113.294,36.1723
flexuosus,-113.590263,37.122575
flexuosus,-116.712753,37.039122
flexuosus,-108.742488,32.643112
flexuosus,-114.526056,36.471936
flexuosus,-114.52346,36.485859
flexuosus,-114.526149,36.471789
flexuosus,-115.344951,36.227887
flexuosus,-111.211792,33.669697
flexuosus,-115.689758,36.148597
flexuosus,-111.211792,33.669697
flexuosus,-113.799317,36.96077
flexuosus,-108.930055,32.669387
flexuosus,-111.868125,34.897257
flexuosus,-111.659525,34.91991
flexuosus,-111.984713,34.870637
flexuosus,-108.664256,32.73318
flexuosus,-113.00376,37.18284
flexuosus,-113.00506,37.18437
flexuosus,-113.0068,37.18546
flexuosus,-112.97512,37.21666
flexuosus,-114.525932,36.487059
flexuosus,-112.99988,37.19991
flexuosus,-111.854874,34.573913
flexuosus,-112.99951,37.19934
flexuosus,-114.148086,36.428692
flexuosus,-113.62786,37.08949
flexuosus,-113.3561,34.55982
flexuosus,-115.612652,38.05467
flexuosus,-113.153847,37.142039
flexuosus,-113.289239,37.328933
flexuosus,-113.311958,37.279125
flexuosus,-111.852014,37.119728
flexuosus,-113.625358,37.052364
flexuosus,-111.369683,34.036636
flexuosus,-113.572281,37.223836
flexuosus,-113.628472,37.053517
flexuosus,-113.590064,37.080339
flexuosus,-113.582053,37.197017
flexuosus,-110.695507,36.537874
flexuosus,-113.42779,37.287554
flexuosus,-115.422742,36.149866
flexuosus,-115.495567,36.158974
flexuosus,-112.458542,34.903664
flexuosus,-114.51221,36.43721
flexuosus,-114.15,36.53
flexuosus,-115.423931,36.153999
flexuosus,-113.399422,37.272383
flexuosus,-113.570629,37.399022
flexuosus,-115.47682,36.125868
flexuosus,-115.398001,36.049333
flexuosus,-112.429146,34.646398
flexuosus,-111.386575,36.903112
flexuosus,-113.264717,37.2713
flexuosus,-111.651227,35.936775
flexuosus,-114.51859,36.458385
flexuosus,-111.788484,34.905156
flexuosus,-115.374887,38.352242
flexuosus,-115.372947,38.353778
flexuosus,-112.84609,36.87925
flexuosus,-113.462818,36.698605
flexuosus,-115.353187,36.63626
flexuosus,-115.91999,36.33851
flexuosus,-115.483672,36.123567
flexuosus,-115.503953,36.178265
flexuosus,-111.510423,36.87916
flexuosus,-115.41,38.05
flexuosus,-114.203967,37.011533
flexuosus,-114.20285,36.488083
flexuosus,-115.972617,36.702298
flexuosus,-115.291601,36.84061
flexuosus,-115.288194,37.694694
flexuosus,-114.646389,38.131167
flexuosus,-114.257528,37.066611
flexuosus,-113.687051,37.350917
flexuosus,-114.607767,38.319701
flexuosus,-114.459233,37.993176
flexuosus,-114.46301,37.989185
flexuosus,-114.255746,37.701915
flexuosus,-116.878533,36.833642
flexuosus,-114.323772,38.471804
flexuosus,-116.949834,36.847608
flexuosus,-115.504173,36.016915
flexuosus,-114.154088,36.667087
flexuosus,-116.187641,37.229931
flexuosus,-114.149689,36.505585
flexuosus,-115.742816,36.426202
flexuosus,-115.405292,36.07178
flexuosus,-113.59711,37.106051
flexuosus,-115.545221,36.246022
flexuosus,-115.686003,36.415935
flexuosus,-113.2667,37.2
flexuosus,-116.958,36.9883
flexuosus,-114.572587,36.660637
flexuosus,-111.676333,36.802833
flexuosus,-114.3935,36.749
flexuosus,-114.493725,37.654631
flexuosus,-114.085,36.983
flexuosus,-114.555,36.973
flexuosus,-114.18433,36.54953
flexuosus,-114.42865,36.62766
flexuosus,-111.829485,34.608334
flexuosus,-111.66086,34.673418
flexuosus,-109.021398,37.500577
flexuosus,-108.952897,37.559927
flexuosus,-113.813607,38.609206
flexuosus,-113.819244,38.635277
flexuosus,-113.431458,34.489973
flexuosus,-113.00536,37.312467
flexuosus,-112.033116,37.001319
flexuosus,-112.033116,37.001319
flexuosus,-109.93408,37.163549
flexuosus,-114.523466,38.883746
flexuosus,-109.936022,37.164324
flexuosus,-113.845792,38.62088
flexuosus,-113.519928,37.696572
flexuosus,-115.477975,36.174228
flexuosus,-115.288333,37.694722
flexuosus,-115.468534,36.353528
flexuosus,-115.831485,35.718812
flexuosus,-114.228839,36.758343
flexuosus,-114.228847,36.758339
flexuosus,-114.522408,36.484258
flexuosus,-115.268182,37.52192
flexuosus,-114.525244,38.884064
flexuosus,-114.201235,36.571775
flexuosus,-112.984138,37.908394
flexuosus,-113.100814,37.61382
flexuosus,-115.455547,36.103357
flexuosus,-113.169542,37.151273
flexuosus,-113.80784,38.65924
flexuosus,-114.228695,36.758334
flexuosus,-109.830313,38.449708
flexuosus,-113.847175,38.6212
flexuosus,-115.527257,38.187929
flexuosus,-113.495133,37.712197
flexuosus,-114.648177,38.4629
flexuosus,-113.848079,38.620895
flexuosus,-111.90281,36.050799
flexuosus,-113.184988,37.758847
flexuosus,-114.998596,38.759657
flexuosus,-113.738145,37.280705
flexuosus,-111.92556,34.709656
flexuosus,-113.225678,37.457567
flexuosus,-113.819158,38.634962
flexuosus,-115.850471,35.63319
flexuosus,-113.061058,37.141842
flexuosus,-113.84452,38.61775
flexuosus,-113.059936,37.65982
flexuosus,-113.059478,37.660417
flexuosus,-113.060692,37.661113
flexuosus,-113.84506,38.61767
flexuosus,-115.612579,38.054599
flexuosus,-113.059897,37.659797
flexuosus,-113.060211,37.659897
flexuosus,-111.370042,34.036731
flexuosus,-113.189861,37.763098
flexuosus,-111.369912,34.036683
flexuosus,-111.369483,34.037006
flexuosus,-111.369888,34.036653
flexuosus,-113.813505,38.60928
flexuosus,-111.37017,34.03672
flexuosus,-113.848053,38.62087
flexuosus,-111.369562,34.03692
flexuosus,-111.369553,34.0369
flexuosus,-113.819113,38.634962
flexuosus,-111.37017,34.036639
flexuosus,-115.614403,38.05605
flexuosus,-111.369545,34.036922
flexuosus,-113.784444,38.687404
flexuosus,-111.370195,34.036653
flexuosus,-115.504329,36.179852
flexuosus,-115.746896,35.318443
flexuosus,-113.844437,38.617428
flexuosus,-114.237908,39.0578
flexuosus,-113.783913,38.687908
flexuosus,-115.612564,38.057398
flexuosus,-114.53328,36.48703
flexuosus,-115.612574,38.05477
flexuosus,-115.612302,38.055097
flexuosus,-113.332626,36.310931
flexuosus,-113.343743,36.278763
flexuosus,-112.264161,34.976883
flexuosus,-111.369912,34.036483
flexuosus,-114.068069,35.86707
flexuosus,-113.29587,36.604735
flexuosus,-114.068078,35.867053
flexuosus,-111.848717,34.910778
flexuosus,-111.799072,34.829869
flexuosus,-113.357841,36.729224
flexuosus,-115.536594,36.068464
flexuosus,-112.83871,36.87754
flexuosus,-111.914947,34.84943
flexuosus,-114.409767,37.819583
flexuosus,-115.444297,38.238862
flexuosus,-115.46823,36.103617
flexuosus,-115.925424,35.755201
flexuosus,-112.817098,36.872506
flexuosus,-113.534856,35.572094
flexuosus,-115.925541,35.704597
flexuosus,-115.465035,36.103456
flexuosus,-115.448574,36.116905
flexuosus,-115.520186,36.272679
flexuosus,-111.759438,34.799453
flexuosus,-112.023996,34.70258
flexuosus,-114.817692,37.011495
flexuosus,-115.41054,38.222459
flexuosus,-115.563504,36.079122
flexuosus,-115.421679,36.152571
flexuosus,-113.62079,36.986574
flexuosus,-115.853078,35.678056
flexuosus,-115.867057,35.630705
flexuosus,-111.911012,37.258038
flexuosus,-112.056878,36.895867
flexuosus,-109.635939,37.525365
flexuosus,-116.696147,37.067156
flexuosus,-113.221672,37.190345
flexuosus,-115.687347,36.414417
flexuosus,-115.953407,35.602665
flexuosus,-115.803417,35.707467
flexuosus,-112.092178,36.076497
flexuosus,-109.053591,37.383248
flexuosus,-115.980946,35.765379
flexuosus,-116.714152,37.039137
flexuosus,-115.484935,36.161082
flexuosus,-112.092164,36.076758
flexuosus,-115.44513,35.989605
flexuosus,-115.504163,36.173673
flexuosus,-108.168288,36.807995
flexuosus,-109.068937,37.37937
flexuosus,-111.720772,34.648072
flexuosus,-115.558475,36.058931
flexuosus,-115.85217,35.728548
flexuosus,-115.986489,35.685526
flexuosus,-114.01667,37.137033
flexuosus,-108.168267,36.808717
flexuosus,-115.86162,35.77697
flexuosus,-115.813549,35.704596
flexuosus,-112.088778,36.09006
flexuosus,-115.885405,35.70977
flexuosus,-112.429146,34.646398
flexuosus,-113.260375,37.158553
flexuosus,-113.622871,36.990039
flexuosus,-115.507095,36.165028
flexuosus,-113.148217,37.11765
flexuosus,-115.86356,35.771114
flexuosus,-111.893308,34.832095
flexuosus,-116.696033,37.067322
flexuosus,-115.823006,35.642188
flexuosus,-111.778723,34.876828
flexuosus,-113.464212,37.659297
flexuosus,-113.563217,37.300854
flexuosus,-115.423828,36.109811
flexuosus,-115.457731,36.153083
flexuosus,-112.976375,37.1995
flexuosus,-115.429628,36.136239
flexuosus,-111.930152,34.914157
flexuosus,-113.636128,34.924233
flexuosus,-111.712988,34.674582
flexuosus,-111.518073,36.823142
flexuosus,-115.793843,35.401517
flexuosus,-113.0315,37.829083
flexuosus,-110.49568,33.782378
flexuosus,-113.139714,37.14191
flexuosus,-111.723103,34.893172
flexuosus,-111.882338,37.118928
flexuosus,-115.455377,36.103373
flexuosus,-111.483087,36.9473
flexuosus,-112.091264,36.079136
flexuosus,-113.062585,37.168958
flexuosus,-111.843397,34.887861
flexuosus,-114.065928,36.814694
flexuosus,-115.452043,36.165438
flexuosus,-109.868003,37.195137
flexuosus,-114.06799,35.867052
flexuosus,-115.391883,36.200993
flexuosus,-109.076335,37.321797
flexuosus,-111.75833,34.795892
flexuosus,-111.92062,34.798517
flexuosus,-113.488546,37.117877
flexuosus,-113.64017,37.08716
flexuosus,-111.994419,34.845603
flexuosus,-108.505656,36.740231
flexuosus,-116.853495,36.90368
flexuosus,-108.907453,38.054997
flexuosus,-109.634292,37.524722
flexuosus,-116.897788,36.820595
flexuosus,-108.470585,36.81827
flexuosus,-112.468227,34.885551
flexuosus,-111.759195,34.50497
flexuosus,-113.57553,37.12435
flexuosus,-111.760497,34.885952
flexuosus,-111.899373,34.813872
flexuosus,-109.040159,36.860314
flexuosus,-115.479328,36.125015
flexuosus,-112.057364,34.321342
flexuosus,-108.117352,36.856256
flexuosus,-112.016493,34.765065
flexuosus,-115.809246,35.719907
flexuosus,-114.069639,36.678444
flexuosus,-111.845157,36.045537
flexuosus,-112.055208,34.719896
flexuosus,-115.496929,36.156593
flexuosus,-115.456675,36.103879
flexuosus,-115.451268,36.165524
flexuosus,-115.269624,37.377393
flexuosus,-111.424885,34.094412
flexuosus,-115.035415,36.712766
flexuosus,-113.661108,37.047595
flexuosus,-109.657237,37.262314
flexuosus,-112.529317,37.000687
flexuosus,-113.625412,37.069939
flexuosus,-110.08693,36.961308
flexuosus,-111.759187,34.504975
flexuosus,-111.759195,34.504987
flexuosus,-111.906225,34.739133
flexuosus,-115.613462,36.377173
flexuosus,-109.152561,37.265839
flexuosus,-113.5575,37.128441
flexuosus,-113.58228,37.12218
flexuosus,-112.088594,36.088803
flexuosus,-113.256355,37.19815
flexuosus,-113.618125,35.447675
flexuosus,-112.366728,34.811747
flexuosus,-115.789863,35.399505
flexuosus,-114.422995,37.823245
flexuosus,-113.447045,37.016778
flexuosus,-111.795483,34.85414
flexuosus,-112.402873,34.868135
flexuosus,-115.455275,36.069612
flexuosus,-112.087119,34.503288
flexuosus,-115.483978,36.155525
flexuosus,-108.838575,37.010579
flexuosus,-111.885712,34.89585
flexuosus,-115.417562,36.051721
flexuosus,-113.618118,35.447727
flexuosus,-115.809493,35.719666
flexuosus,-112.087136,34.503603
flexuosus,-116.633492,36.842709
flexuosus,-113.255008,37.224989
flexuosus,-112.97593,37.198703
flexuosus,-112.091225,36.079186
flexuosus,-115.790413,35.399301
flexuosus,-113.254761,37.225067
flexuosus,-111.913798,34.783675
flexuosus,-115.789798,35.399287
flexuosus,-111.908967,34.792195
flexuosus,-115.451965,36.163333
flexuosus,-111.692182,34.769538
flexuosus,-115.859138,35.780217
flexuosus,-111.748405,34.865883
flexuosus,-113.985278,37.111944
flexuosus,-111.618004,34.634276
flexuosus,-114.094418,36.517103
flexuosus,-113.497895,37.155042
flexuosus,-115.473875,36.128551
flexuosus,-115.516442,35.88233
flexuosus,-114.548789,36.414517
flexuosus,-112.071305,34.862605
flexuosus,-115.442958,36.163595
flexuosus,-113.647653,37.171558
flexuosus,-112.015747,34.758378
flexuosus,-111.65107,36.663433
flexuosus,-115.424337,36.132606
flexuosus,-111.370103,34.036731
flexuosus,-111.903967,34.813727
flexuosus,-113.645722,37.206512
flexuosus,-111.905962,34.82151
flexuosus,-113.640013,34.926788
flexuosus,-115.473584,36.129321
flexuosus,-112.025925,34.771247
flexuosus,-115.581766,35.928849
flexuosus,-111.941586,34.720958
flexuosus,-111.973965,34.749706
flexuosus,-111.925787,34.775977
flexuosus,-113.402567,37.049115
flexuosus,-113.396972,37.210555
flexuosus,-111.422753,34.0923
flexuosus,-113.401095,37.19157
flexuosus,-111.905428,34.821338
flexuosus,-115.427469,36.158985
flexuosus,-114.140586,36.524505
flexuosus,-111.35903,34.094158
flexuosus,-111.793832,34.852091
flexuosus,-111.974095,34.749064
flexuosus,-110.374825,37.896424
flexuosus,-113.704475,37.154564
flexuosus,-113.596435,37.124639
flexuosus,-111.711435,34.675142
flexuosus,-112.088792,36.089553
flexuosus,-115.450522,36.16555
flexuosus,-111.608021,36.854262
flexuosus,-115.463006,36.102383
flexuosus,-115.462422,36.06843
flexuosus,-111.853944,34.88681
flexuosus,-111.760322,34.800436
flexuosus,-115.464066,36.066807
flexuosus,-111.380178,33.992644
flexuosus,-113.790658,36.9492
flexuosus,-110.896638,33.548287
flexuosus,-113.653131,36.984347
flexuosus,-114.256653,36.314962
flexuosus,-113.585967,37.119992
flexuosus,-111.505046,36.897682
flexuosus,-111.899357,34.74719
flexuosus,-111.604968,36.856133
flexuosus,-112.124733,36.084758
flexuosus,-114.525961,36.471987
flexuosus,-114.516874,36.240103
flexuosus,-114.528288,36.44904
flexuosus,-111.907987,34.76
flexuosus,-110.644859,33.590576
flexuosus,-114.642931,36.213097
flexuosus,-111.95677,34.685954
flexuosus,-113.795529,36.96977
flexuosus,-114.206352,36.580959
flexuosus,-112.507112,36.244633
flexuosus,-114.642927,36.212964
flexuosus,-114.516353,36.241068
flexuosus,-112.115687,36.088189
flexuosus,-112.05291,34.838225
flexuosus,-116.834179,36.894869
flexuosus,-114.34169,37.069138
flexuosus,-111.904183,34.866183
flexuosus,-112.1578,34.046342
flexuosus,-111.669233,36.817878
flexuosus,-115.431036,36.148419
flexuosus,-115.427742,36.146697
flexuosus,-113.578658,37.13725
flexuosus,-114.50021,36.283115
flexuosus,-114.233528,36.335863
flexuosus,-112.129597,33.966914
flexuosus,-113.647954,36.969067
flexuosus,-116.21187,36.560825
flexuosus,-113.7908,36.949356
flexuosus,-114.206305,36.580692
flexuosus,-113.998177,36.826691
flexuosus,-112.143797,34.100894
flexuosus,-114.244705,36.448238
flexuosus,-114.227254,36.456541
flexuosus,-114.187648,36.506704
flexuosus,-114.525832,36.472007
flexuosus,-111.730766,34.787605
flexuosus,-114.526007,36.471957
flexuosus,-114.526111,36.471885
flexuosus,-114.526041,36.471947
flexuosus,-114.39546,36.019026
flexuosus,-114.148056,36.428781
flexuosus,-113.646565,36.970711
flexuosus,-114.525973,36.472133
flexuosus,-114.200103,36.44527
flexuosus,-112.084743,34.672095
flexuosus,-111.681962,34.679855
flexuosus,-110.768578,33.404145
flexuosus,-114.483367,36.35808
flexuosus,-114.525959,36.471939
flexuosus,-112.180574,33.891665
flexuosus,-114.525406,36.472207
flexuosus,-114.205548,36.579394
flexuosus,-113.663392,37.120395
flexuosus,-113.6794,37.121928
flexuosus,-113.957393,36.85051
flexuosus,-114.176537,36.825203
flexuosus,-115.672225,36.050011
flexuosus,-113.432368,37.162582
flexuosus,-114.2297731,36.7773247
flexuosus,-113.4305575,37.1636214
flexuosus,-115.288194,37.694694
flexuosus,-114.203967,37.011533
flexuosus,-116.236139,36.110028
flexuosus,-116.223833,36.097806
flexuosus,-110.850584,37.616216
flexuosus,-117.424913,34.32833
flexuosus,-115.13389,41.13944
flexuosus,-111.57778,36.86806
flexuosus,-115.44444,36.29472
flexuosus,-109.012111,36.978524
flexuosus,-113.28389,37.296832
flexuosus,-117.037355,34.352215
flexuosus,-114.35833,38.84139
flexuosus,-115.16361,37.248996
flexuosus,-112.25,36
flexuosus,-113.88333,37.05528
flexuosus,-113.05,37.3
flexuosus,-114.56833,36.66528
flexuosus,-115.54083,36.24306
flexuosus,-116.98056,36.71722
flexuosus,-114.257528,37.066611
flexuosus,-116.6339,36.85
flexuosus,-113.747178,37.353589
flexuosus,-113.25,36
flexuosus,-114.525977,36.472038
flexuosus,-115.69159,35.711958
flexuosus,-114.526098,36.47198
flexuosus,-116.933221,36.790465
flexuosus,-112.829291,36.58139
flexuosus,-113.555043,36.742666
flexuosus,-114.186813,36.508162
flexuosus,-113.232403,36.273837
flexuosus,-113.776132,37.170843
flexuosus,-115.438297,36.194427
flexuosus,-113.776155,37.170833
flexuosus,-109.8840694,37.2581819
flexuosus,-115.496751,36.15676
flexuosus,-114.616272,37.740395
flexuosus,-115.431687,36.158958
flexuosus,-113.577702,37.159578
flexuosus,-115.472518,36.139164
flexuosus,-113.289259,37.196421
flexuosus,-112.976804,37.198739
flexuosus,-111.840067,34.834822
flexuosus,-111.726886,34.912377
flexuosus,-115.862583,35.775033
flexuosus,-109.045602,37.001638
flexuosus,-109.480386,37.423626
flexuosus,-116.80538,37.015081
flexuosus,-111.82969,34.845261
flexuosus,-111.82969,34.845261
flexuosus,-111.774957,34.823903
flexuosus,-111.774616,34.856891
flexuosus,-111.811224,34.87413
flexuosus,-111.774616,34.856891
flexuosus,-114.53329,36.48735
flexuosus,-113.503338,37.1502
flexuosus,-112.129533,36.0751
flexuosus,-113.577702,37.159578
flexuosus,-115.441045,36.138792
flexuosus,-115.427003,36.150876
flexuosus,-113.639154,37.237088
flexuosus,-114.850838,36.38465
flexuosus,-113.4925,37.150833
flexuosus,-113.756577,35.963531
flexuosus,-111.760274,34.805016
flexuosus,-109.804218,38.453974
flexuosus,-113.694125,37.311667
flexuosus,-113.794558,36.970938
flexuosus,-112.468753,37.008293
flexuosus,-111.808313,34.526873
flexuosus,-109.78204,35.065931
flexuosus,-113.239608,37.216117
flexuosus,-113.036505,37.17628
flexuosus,-108.931248,37.931745
flexuosus,-114.379078,38.813822
flexuosus,-115.432717,36.135345
flexuosus,-115.520103,36.145936
flexuosus,-112.035419,36.999922
flexuosus,-113.660478,37.162056
flexuosus,-115.473717,36.128305
flexuosus,-116.802688,37.015433
flexuosus,-111.63685,34.53353
flexuosus,-113.183953,37.788058
flexuosus,-113.100422,37.274061
flexuosus,-112.0252,37.019375
flexuosus,-113.225844,37.457353
flexuosus,-113.182022,37.78905
flexuosus,-113.674208,37.119458
flexuosus,-113.221183,37.48365
flexuosus,-113.22918,37.454088
flexuosus,-113.225844,37.457353
flexuosus,-113.845989,37.539383
flexuosus,-113.589759,39.082152
flexuosus,-113.069611,37.137425
flexuosus,-109.9,37.13
flexuosus,-108.8,38.07
flexuosus,-109.04,37
flexuosus,-108.64,37.04
flexuosus,-114.006303,36.676022
flexuosus,-112.021751,37.045639
flexuosus,-114.014594,36.696408
flexuosus,-111.135687,34.245425
flexuosus,-114.007111,36.674708
flexuosus,-111.374673,34.040213
flexuosus,-114.41475,37.826196
flexuosus,-117.243781,37.697854
flexuosus,-109.919786,37.165872
flexuosus,-109.084389,37.263398
flexuosus,-109.176538,37.207639
flexuosus,-115.931503,35.779163
flexuosus,-111.848862,34.910561
flexuosus,-112.978522,37.208437
flexuosus,-115.559914,36.081267
flexuosus,-113.256126,37.1675
flexuosus,-109.616166,37.262094
flexuosus,-112.090705,36.080261
flexuosus,-115.494385,36.15897
flexuosus,-112.508483,37.012281
flexuosus,-115.576531,36.108739
flexuosus,-113.286461,37.320365
flexuosus,-112.022305,37.043554
flexuosus,-112.976315,37.215088
flexuosus,-111.75528,34.828397
flexuosus,-113.093636,37.898245
flexuosus,-108.888458,37.377995
flexuosus,-113.429593,37.254898
flexuosus,-115.520464,36.021444
flexuosus,-113.628364,37.2455
flexuosus,-115.499437,36.01581
flexuosus,-115.562813,36.191358
flexuosus,-113.558746,37.233366
flexuosus,-113.378753,37.242808
flexuosus,-113.526656,37.037517
flexuosus,-113.380937,37.246672
flexuosus,-115.425069,36.155143
flexuosus,-113.271438,37.191812
flexuosus,-113.703891,37.162552
flexuosus,-113.626472,37.015289
flexuosus,-113.400308,37.206915
flexuosus,-115.470135,36.063663
flexuosus,-111.697739,34.679317
flexuosus,-113.378875,37.244045
flexuosus,-113.785345,36.535083
flexuosus,-115.468187,36.096053
flexuosus,-111.700261,34.835736
flexuosus,-111.811158,34.874142
flexuosus,-115.461467,36.069259
flexuosus,-115.461445,36.069288
flexuosus,-113.738372,37.279413
flexuosus,-113.281845,37.31335
flexuosus,-111.329842,34.016725
flexuosus,-111.74263,34.80213
flexuosus,-112.11715,36.087689
flexuosus,-115.453028,36.070422
flexuosus,-112.315721,34.610024
flexuosus,-113.687689,37.140238
flexuosus,-115.455144,36.069642
flexuosus,-112.063887,36.144218
flexuosus,-108.45415,32.778072
flexuosus,-111.134289,33.667585
flexuosus,-112.986138,37.195644
flexuosus,-112.48407,36.379055
flexuosus,-110.768391,33.402914
flexuosus,-115.434366,36.13887
flexuosus,-115.448958,36.015168
flexuosus,-112.17208,36.094956
flexuosus,-111.346497,33.872597
flexuosus,-113.23012,36.242248
flexuosus,-113.337255,37.224075
flexuosus,-112.107543,36.110392
flexuosus,-115.453052,36.0114
flexuosus,-113.134819,34.383925
flexuosus,-111.76099,34.86974
flexuosus,-115.455247,36.069558
flexuosus,-111.456642,33.853148
flexuosus,-112.976517,37.199447
flexuosus,-111.40971,34.09351
flexuosus,-112.740263,36.8642
flexuosus,-112.109346,36.11792
flexuosus,-112.040894,34.667125
flexuosus,-111.124992,33.547333
flexuosus,-111.266005,33.721529
flexuosus,-113.679448,37.121924
flexuosus,-112.119172,36.090429
flexuosus,-111.38,37.12
flexuosus,-115.480521,36.124582
flexuosus,-115.479819,36.124324
flexuosus,-115.479819,36.124324
flexuosus,-115.479819,36.124324
flexuosus,-115.479819,36.124324
flexuosus,-115.479819,36.124324
flexuosus,-114.178667,36.840742
flexuosus,-114.178667,36.840742
flexuosus,-114.178667,36.840742
flexuosus,-114.178667,36.840742
flexuosus,-114.178667,36.840742
flexuosus,-113.62779,37.01765
flexuosus,-113.57985,37.11953
flexuosus,-113.122421,37.642749
flexuosus,-116.933088,36.788423
flexuosus,-109.491934,37.541245
flexuosus,-115.385972,36.11805
flexuosus,-115.385842,36.117931
flexuosus,-113.125533,35.702334
flexuosus,-115.477184,36.264517
flexuosus,-114.3935,36.749
flexuosus,-116.5305786,31.6600498
flexuosus,-108.18754,36.765062
flexuosus,-111.783137,36.711972
flexuosus,-112.269328,33.882386
flexuosus,-111.786957,34.642641
flexuosus,-108.439462,36.847187
flexuosus,-115.424172,36.160472
flexuosus,-114.203967,37.011533
flexuosus,-111.796443,34.878589
flexuosus,-115.909169,35.76277
flexuosus,-113.237708,37.408838
flexuosus,-111.79778,34.88028
flexuosus,-116.228969,36.092139
flexuosus,-111.862856,34.943454
flexuosus,-111.748908,34.661487
flexuosus,-111.897991,34.854535
flexuosus,-116.14166,36.15646
flexuosus,-116.222311,36.104449
flexuosus,-114.339812,36.870845
flexuosus,-109.23027,37.54803
flexuosus,-114.339832,36.870815
flexuosus,-115.095863,37.949364
flexuosus,-112.921264,37.912649
flexuosus,-111.830947,34.85662
flexuosus,-112.187588,34.836623
flexuosus,-114.613275,37.756912
flexuosus,-114.332317,36.859036
flexuosus,-111.79107,34.819817
flexuosus,-114.517975,37.913145
flexuosus,-114.334768,36.859721
flexuosus,-112.046761,36.994388
flexuosus,-111.769997,34.799999
flexuosus,-111.784836,34.792412
flexuosus,-111.75525,34.828442
flexuosus,-111.720955,34.69858
flexuosus,-112.098852,34.752188
flexuosus,-111.685554,34.686912
flexuosus,-111.858751,34.885854
flexuosus,-111.848397,34.91088
flexuosus,-109.937536,37.172345
flexuosus,-114.285413,36.963871
flexuosus,-111.713062,34.538093
flexuosus,-111.660103,34.67365
flexuosus,-114.280562,36.955044
flexuosus,-111.3941,35.70125
flexuosus,-110.331483,35.150983
flexuosus,-111.720997,34.661262
flexuosus,-111.745,34.65056
flexuosus,-110.64,32.7225
flexuosus,-111.766412,34.491772
flexuosus,-110.8309875,37.0595634
flexuosus,-111.95,36.916667
flexuosus,-111.679538,34.536687
flexuosus,-111.63685,34.53353
flexuosus,-111.5,34.5
flexuosus,-113.93333,34.71667
flexuosus,-114.03333,34.88333
flexuosus,-113.99528,36.11278
flexuosus,-110.78583,33.39417
flexuosus,-112.441767,36.9965
flexuosus,-113.3205442,36.118586
flexuosus,-112.675167,36.832
flexuosus,-112.9115,36.555333
flexuosus,-111.813889,34.821389
flexuosus,-111.9125,34.55
flexuosus,-111.9075,34.830194
flexuosus,-111.911611,34.919917
flexuosus,-111.785312,36.201997
flexuosus,-111.8289,36.49083
flexuosus,-111.753712,34.499919
flexuosus,-115.288194,37.694694
flexuosus,-110.792336,37.316686
flexuosus,-110.857339,37.04745
flexuosus,-113.757924,38.711036
flexuosus,-110.857339,37.04745
flexuosus,-108.668925,36.785553
flexuosus,-111.833333,36.266667
flexuosus,-112.13889,36.05556
flexuosus,-112.67681,36.053237
flexuosus,-110.736755,31.853913
flexuosus,-111.75167,34.64917
flexuosus,-111.76028,34.86972
flexuosus,-111.76028,34.86972
flexuosus,-111.854796,34.573871
flexuosus,-111.854796,34.573871
flexuosus,-111.76028,34.86972
flexuosus,-111.99583,34.72139
flexuosus,-111.76028,34.681135
flexuosus,-111.75167,34.692691
flexuosus,-111.76028,34.840707
flexuosus,-111.86056,34.8975
flexuosus,-111.9124,34.7537
flexuosus,-111.854796,34.573871
flexuosus,-111.86056,34.8975
flexuosus,-111.76028,34.797187
flexuosus,-111.89278,34.7675
flexuosus,-111.76028,34.86972
flexuosus,-111.58936,34.563325
flexuosus,-112.183682,34.74887
flexuosus,-111.76028,34.797187
flexuosus,-111.972821,34.695155
flexuosus,-111.7775,34.843611
flexuosus,-111.86056,34.8975
flexuosus,-111.745,34.65056
flexuosus,-111.731014,34.88661
flexuosus,-111.76028,34.91324
flexuosus,-111.76028,34.840707
flexuosus,-111.76028,34.840707
flexuosus,-112.05722,34.77111
flexuosus,-111.787846,34.825037
flexuosus,-111.76028,34.855213
flexuosus,-112.420833,35.095278
flexuosus,-111.339928,33.589246
flexuosus,-111.726886,34.912377
flexuosus,-111.726886,34.912377
flexuosus,-112.316667,34.983333
flexuosus,-111.35005,36.880867
flexuosus,-111.76028,34.86972
flexuosus,-111.391,36.904
flexuosus,-111.739687,34.929207
flexuosus,-111.391,36.904
flexuosus,-111.759818,34.868175
flexuosus,-111.76028,34.753668
flexuosus,-111.6638,34.7543
flexuosus,-111.86561,36.25035
flexuosus,-111.11389,33.64778
flexuosus,-113.99528,36.11278
flexuosus,-112.185254,36.186545
flexuosus,-112.085512,34.907655
flexuosus,-113.606571,35.456927
flexuosus,-113.79375,36.971722
flexuosus,-111.833333,34.833333
flexuosus,-112.0314,36.9683
flexuosus,-116.078964,36.308613
flexuosus,-113.390587,37.145164
flexuosus,-114.651947,38.534972
flexuosus,-115.162575,35.756972
flexuosus,-111.394348,34.13443
flexuosus,-114.638153,38.437759
flexuosus,-115.573303,36.114842
flexuosus,-114.197748,36.239962
flexuosus,-112.97573,37.202009
flexuosus,-115.573712,36.094753
flexuosus,-115.8956029,35.776937
flexuosus,-113.4255,35.52916
flexuosus,-116.9326383,36.7779059
flexuosus,-115.9083,35.7627
flexuosus,-111.97763,36.023373
flexuosus,-111.804322,34.823008
flexuosus,-115.42989,36.152174
flexuosus,-113.646209,37.205517
flexuosus,-115.431803,35.633858
flexuosus,-109.594562,37.574896
flexuosus,-111.114165,33.644564
flexuosus,-111.777842,34.855221
flexuosus,-111.984449,36.041642
flexuosus,-115.429917,35.628967
flexuosus,-115.448827,36.12238
flexuosus,-115.463097,36.154762
flexuosus,-115.439284,36.150262
flexuosus,-116.93307,36.789014
flexuosus,-117.13529,36.82337
flexuosus,-117.000617,36.82663
flexuosus,-111.903276,34.901749
flexuosus,-113.555556,37.418611
flexuosus,-113.58538,37.120389
flexuosus,-111.809412,34.863842
flexuosus,-111.737525,34.803783
flexuosus,-114.860078,36.000058
flexuosus,-108.568703,38.218324
flexuosus,-108.568703,38.218324
flexuosus,-115.47552,36.166439
flexuosus,-114.446687,36.94225
flexuosus,-115.877747,36.257401
flexuosus,-114.507682,36.437203
flexuosus,-112.124222,34.479333
flexuosus,-113.68042,37.137642
flexuosus,-111.901628,34.899635
flexuosus,-113.646149,37.205483
flexuosus,-111.827985,34.828777
flexuosus,-113.100812,37.277853
flexuosus,-111.842688,34.85537
flexuosus,-111.81913,34.832888
flexuosus,-111.809403,34.863852
flexuosus,-113.645767,37.223468
flexuosus,-112.009536,34.723245
flexuosus,-111.63705,34.896843
flexuosus,-113.633408,37.214478
flexuosus,-111.833041,34.827298
flexuosus,-111.933808,36.01809
flexuosus,-114.199897,36.445592
flexuosus,-112.571601,37.019605
flexuosus,-112.569168,37.020512
flexuosus,-111.96867,37.137035
flexuosus,-114.417064,37.834875
flexuosus,-111.914725,34.763767
flexuosus,-114.415455,37.824149
flexuosus,-115.933333,30.516667
flexuosus,-111.338395,34.218484
flexuosus,-113.94381,37.303663
flexuosus,-112.005946,37.003969
flexuosus,-114.652772,35.814381
flexuosus,-115.45648,36.086792
flexuosus,-115.557367,36.080047
flexuosus,-114.01755,37.160019
flexuosus,-115.549095,36.085681
flexuosus,-115.558992,36.081642
flexuosus,-115.447542,35.996613
flexuosus,-114.072219,36.668613
flexuosus,-111.743545,34.592808
flexuosus,-113.458067,34.562483
flexuosus,-114.140802,36.524478
flexuosus,-114.194372,36.499926
flexuosus,-112.023377,34.388058
flexuosus,-111.70713,34.676517
flexuosus,-115.476417,35.664533
flexuosus,-116.14166,36.15646
flexuosus,-116.17064,36.17386
flexuosus,-116.01707,35.99211
flexuosus,-115.697917,35.707383
flexuosus,-114.652742,35.8144
flexuosus,-114.652742,35.8144
flexuosus,-112.080875,34.432565
flexuosus,-114.663475,35.804358
flexuosus,-114.921173,36.626905
flexuosus,-114.662492,35.807289
flexuosus,-115.405042,36.054674
flexuosus,-114.659508,35.810633
flexuosus,-111.768256,36.746064
flexuosus,-114.358555,36.598921
flexuosus,-114.957683,36.699247
flexuosus,-114.658464,35.811869
flexuosus,-114.652764,35.814361
flexuosus,-114.66455,35.806111
flexuosus,-111.880215,34.886467
flexuosus,-114.659508,35.810633
flexuosus,-114.762087,36.217578
flexuosus,-109.398767,32.864345
flexuosus,-109.099783,32.703442
flexuosus,-114.203857,36.498902
flexuosus,-114.758256,35.937686
flexuosus,-110.967458,33.741454
flexuosus,-113.737731,37.280342
flexuosus,-114.860932,35.999816
flexuosus,-114.758225,35.937725
flexuosus,-114.7585,35.937839
flexuosus,-114.925556,36.585833
flexuosus,-109.291603,32.990742
flexuosus,-109.636271,37.525714
flexuosus,-112.049026,34.666478
flexuosus,-113.599648,37.097527
flexuosus,-115.398097,36.043869
flexuosus,-115.395828,35.038392
flexuosus,-113.41,37.29
flexuosus,-107.0125,38.883333
flexuosus,-109.03857,37.00935
flexuosus,-108.56463,38.21883
flexuosus,-109.0315,37.00373
flexuosus,-108.56463,38.21883
flexuosus,-109.877056,35.152288
flexuosus,-113.294,36.1723
flexuosus,-109.0315,37.00373
flexuosus,-115.637912,35.584766
flexuosus,-110.292,37.7628
flexuosus,-109.869,37.1968
flexuosus,-112.090721,36.067904
flexuosus,-111.510613,34.238725
flexuosus,-111.280197,34.351605
flexuosus,-113.6,37.08333
flexuosus,-112.249658,33.917523
flexuosus,-114.5096,34.12
flexuosus,-117.0892,36.1717
flexuosus,-115.516667,35.616667
flexuosus,-115.620483,35.481217
flexuosus,-115.94344,35.48302
flexuosus,-114.40995,34.33965
flexuosus,-114.401944,34.313333
flexuosus,-115.858878,35.773363
flexuosus,-115.86123,35.47594
flexuosus,-115.598827,35.562963
flexuosus,-114.721067,34.327383
flexuosus,-116.934167,36.788333
flexuosus,-115.5604,35.5814
flexuosus,-116.03297,35.950035
flexuosus,-115.91825,35.759295
flexuosus,-115.88871,35.51136
flexuosus,-115.6982,35.7069
flexuosus,-115.645112,35.520164
flexuosus,-114.401944,34.313333
flexuosus,-114.425783,34.329683
flexuosus,-115.519967,35.5954
flexuosus,-115.911667,35.774722
flexuosus,-114.323611,34.348333
flexuosus,-114.314444,34.365833
flexuosus,-114.203967,37.011533
flexuosus,-115.637912,35.584766
flexuosus,-115.47472,35.65639
flexuosus,-115.37388,33.47138
flexuosus,-114.72107,34.32738
flexuosus,-113.6,37.08333
flexuosus,-114.34444,36.59056
flexuosus,-115.62713,35.51472
flexuosus,-115.47607,35.6646
flexuosus,-115.70135,35.7018
flexuosus,-114.37694,36.60417
flexuosus,-113.8,36.95375
flexuosus,-114.31653,38.47617
flexuosus,-114.85333,38.03528
flexuosus,-114.72708,38.09333
flexuosus,-115.59167,35.5475
flexuosus,-115.44189,35.80181
flexuosus,-114.84361,36.35389
flexuosus,-113.87039,37.27931
flexuosus,-114.31083,36.86361
flexuosus,-116.96667,36.83333
flexuosus,-114.84361,36.35389
flexuosus,-115.83944,35.78694
flexuosus,-116.87969,36.69578
flexuosus,-115.48017,35.8205
flexuosus,-114.55194,34.16222
flexuosus,-115.58333,35.55
flexuosus,-115.66972,35.73389
flexuosus,-114.633333,38.45
flexuosus,-113.640834,37.395175
flexuosus,-111.164215,35.048622
flexuosus,-114.465339,37.780588
flexuosus,-114.432774,36.715808
flexuosus,-115.790097,35.399428
flexuosus,-115.769105,35.696622
flexuosus,-115.771462,35.69605
flexuosus,-115.778638,35.702678
flexuosus,-115.777853,35.702947
flexuosus,-115.492625,36.151711
flexuosus,-114.557304,38.774143
flexuosus,-113.738053,37.280047
flexuosus,-115.782728,35.696112
flexuosus,-114.940467,36.32507
flexuosus,-111.366,33.8837
flexuosus,-111.322,33.9347
flexuosus,-111.399,33.9269
flexuosus,-111.442,33.9172
flexuosus,-111.42,33.95
flexuosus,-112.141,34.1909
flexuosus,-111.772,34.673
flexuosus,-111.85,34.62
flexuosus,-111.564,34.1458
flexuosus,-110.97,33.77
flexuosus,-111.772,34.673
flexuosus,-111.64,34.76
flexuosus,-111.861,34.8975
flexuosus,-112.083,35.8333
flexuosus,-113.45,34.56
flexuosus,-111.202,33.642
flexuosus,-111.7,35.9667
flexuosus,-113.294,36.1723
flexuosus,-109.296,32.7951
flexuosus,-110.517,33.6008
flexuosus,-114.098693,34.281021
flexuosus,-113.458,35.6104
flexuosus,-112.277,33.8776
flexuosus,-112.269,33.8533
flexuosus,-113.425,34.2959
flexuosus,-112.418,34.6147
flexuosus,-111.994,36.1915
flexuosus,-112.37,36.9455
flexuosus,-111.686,36.7811
flexuosus,-113.929,36.8872
flexuosus,-112.037,36.0822
flexuosus,-111.745,34.6941
flexuosus,-111.303,33.62
flexuosus,-112.277,33.8776
flexuosus,-111.216,33.4732
flexuosus,-113.572,34.5377
flexuosus,-110.517,33.6008
flexuosus,-113.906,36.4186
flexuosus,-110.885,33.7629
flexuosus,-111.905,34.62
flexuosus,-111.21,33.7916
flexuosus,-111.241,33.6891
flexuosus,-111.467,34.0093
flexuosus,-113.985,36.5786
flexuosus,-113.572,34.5377
flexuosus,-112.835,36.6075
flexuosus,-113.6,34.3683
flexuosus,-113.07,34.2272
flexuosus,-113.995,36.1853
flexuosus,-111.114,33.6485
flexuosus,-113.917,35.777
flexuosus,-113.444,34.5452
flexuosus,-111.172,33.2792
flexuosus,-111.324,34.2308
flexuosus,-113.573,34.7133
flexuosus,-111.76,34.8552
flexuosus,-113.977,33.2742
flexuosus,-111.772,34.673
flexuosus,-111.412,35.8758
flexuosus,-111.854,34.7087
flexuosus,-112.442848,34.86945
flexuosus,-110.769,33.3811
flexuosus,-111.38064,34.03857
flexuosus,-112.072998,34.84515
flexuosus,-111.33,33.68
flexuosus,-114.20397,37.01153
flexuosus,-114.011733,36.638167
flexuosus,-112.895767,36.885367
flexuosus,-113.555667,36.798317
flexuosus,-113.9767,36.61652
flexuosus,-112.875617,36.597517
flexuosus,-111.855483,37.118117
flexuosus,-113.26035,37.09583
flexuosus,-114.432774,36.715808
flexuosus,-113.269044,37.08394
flexuosus,-115.933333,30.516667
flexuosus,-116.175695,36.126249
flexuosus,-115.281343,37.340433
flexuosus,-115.393306,37.619474
flexuosus,-109.978329,37.279305
flexuosus,-111.76099,34.86974
flexuosus,-112.976303,37.19872
flexuosus,-111.790008,34.737888
flexuosus,-115.555437,36.043472
flexuosus,-114.420096,37.826618
flexuosus,-115.496697,36.156883
flexuosus,-115.496942,36.156578
flexuosus,-111.718688,34.662238
flexuosus,-115.440035,36.064508
flexuosus,-114.345314,36.915688
flexuosus,-112.132713,36.069607
flexuosus,-108.162535,36.759621
flexuosus,-115.474661,36.126005
flexuosus,-113.647605,37.226303
flexuosus,-115.47903,36.12326
flexuosus,-115.325037,36.004388
flexuosus,-114.006601,37.115471
flexuosus,-115.451173,36.165007
flexuosus,-116.105859,36.168063
flexuosus,-116.105881,36.168328
flexuosus,-115.421848,36.141479
flexuosus,-109.8840694,37.2581819
flexuosus,-108.58468,37.347019
flexuosus,-111.788972,34.824192
flexuosus,-116.22934,36.09243
flexuosus,-115.461667,36.156389
flexuosus,-113.903011,37.027715
flexuosus,-113.829482,34.15145
flexuosus,-115.466023,36.170495
flexuosus,-114.762275,36.447925
flexuosus,-111.774448,34.823606
flexuosus,-116.064864,35.860142
flexuosus,-111.760165,36.745159
flexuosus,-116.05954,35.884144
flexuosus,-111.719089,34.469608
flexuosus,-115.397262,36.045551
flexuosus,-115.398718,36.043798
flexuosus,-110.96146,33.73919
flexuosus,-114.808578,36.552473
flexuosus,-110.842622,33.375625
flexuosus,-110.882703,33.672378
flexuosus,-114.528587,36.488117
flexuosus,-112.117897,34.475449
flexuosus,-114.523645,36.485813
flexuosus,-114.273445,36.778408
flexuosus,-110.956556,33.562782
flexuosus,-114.525169,36.469393
flexuosus,-114.525972,36.47189
flexuosus,-111.236617,33.80277
flexuosus,-111.114022,33.645237
flexuosus,-114.19527,34.510989
flexuosus,-118.172,39.1363
flexuosus,-111.871,34.6174
flexuosus,-113.823684,36.981659
flexuosus,-113,37.183333
flexuosus,-115.288056,37.694444
flexuosus,-114.646389,38.131111
flexuosus,-113.385278,36.554722
flexuosus,-110.435833,37.742778
flexuosus,-113.614444,37.018889
flexuosus,-115.480278,35.820556
flexuosus,-115.462384,36.053441
flexuosus,-116.177913,36.15051
flexuosus,-111.389287,33.964113
flexuosus,-113.563537,37.105552
flexuosus,-114.1568,36.5284
flexuosus,-114.138762,36.5283
flexuosus,-109.4847,37.4108
flexuosus,-113.199867,37.103451
flexuosus,-109.117498,36.936199
flexuosus,-111.9693,37.1443
flexuosus,-113.8464,38.62
flexuosus,-109.340065,37.512313
flexuosus,-113.58,36.82
flexuosus,-110.851261,37.616211
flexuosus,-114.36,38.85
flexuosus,-114.2292,36.7774
flexuosus,-112.29828,40.509039
flexuosus,-114.20397,37.01153
flexuosus,-114.3648,38.8161
flexuosus,-110.805538,33.190918
flexuosus,-113.972115,35.984186
flexuosus,-110.6225,37.2088
flexuosus,-110.4033,37.8947
flexuosus,-113.93946,36.971949
flexuosus,-109.29,32.79
flexuosus,-111.498245,39.672478
flexuosus,-114.6383,38.4417
flexuosus,-112.830996,37.429462
flexuosus,-112.0203,34.6892
flexuosus,-113.2052,36.1723
flexuosus,-109.362172,32.83348
flexuosus,-113.5776,37.1348
flexuosus,-112.440244,36.429702
flexuosus,-113.6698,37.2941
flexuosus,-111.220791,36.642962
flexuosus,-114.25753,37.06661
flexuosus,-113.6698,37.2941
flexuosus,-116.634575,36.849581
flexuosus,-113.2667,37.2
flexuosus,-113.563537,37.105552
flexuosus,-111.9512,37.2449
flexuosus,-113.701586,34.901739
flexuosus,-111.91375,37.16511
flexuosus,-109.867066,37.151946
flexuosus,-113.896524,36.902838
flexuosus,-115.28819,37.69469
flexuosus,-115.6557,37.6142
flexuosus,-113.584123,37.104148
flexuosus,-111.883474,34.568661
flexuosus,-113.958291,36.256656
flexuosus,-116.03297,35.950035
flexuosus,-113.5137,36.9827
flexuosus,-114.64639,38.13117
flexuosus,-113.4485,37.16375
flexuosus,-108.7236,32.6981
flexuosus,-113.6883,37.352
flexuosus,-113.2052,36.1578
flexuosus,-112.158072,34.047539
flexuosus,-113.072586,34.467719
flexuosus,-111.19501,33.67296
flexuosus,-111.370589,34.037328
flexuosus,-115.382058,33.617394
flexuosus,-116.236178,36.110067
flexuosus,-112.442848,34.86945
flexuosus,-111.787277,36.747922
flexuosus,-111.443279,33.892036
flexuosus,-114.410008,36.543325
flexuosus,-116.997379,36.827618
flexuosus,-113.5729,34.7133
flexuosus,-113.5996,34.3683
flexuosus,-111.39773,37.062956
flexuosus,-110.81,33.36
flexuosus,-111.76028,34.86972
flexuosus,-117.07972,34.52056
flexuosus,-112.123119,36.084658
flexuosus,-112.13528,33.91583
flexuosus,-111.753712,34.499919
flexuosus,-112.035892,36.956896
flexuosus,-113.3205422,36.1203969
flexuosus,-112.101683,34.101183
flexuosus,-111.895,34.5622
flexuosus,-110.8132,37.09388
flexuosus,-111.764767,34.53955
flexuosus,-113.826669,37.014029
flexuosus,-113.798583,34.955883
flexuosus,-113.865833,37.027517
flexuosus,-113.927283,37.0839
flexuosus,-112.373389,36.20275
flexuosus,-111.971389,36.017778
flexuosus,-112.0711,36.13334
flexuosus,-112.1211,36.14567
flexuosus,-108.952,32.644
flexuosus,-108.22889,36.770038
flexuosus,-108.117,36.845
flexuosus,-108.809733,32.581911
flexuosus,-108.516822,36.811201
flexuosus,-109.045185,36.99898
flexuosus,-113.59892,37.131125
flexuosus,-111.821159,34.884373
flexuosus,-109.4706,37.5182
flexuosus,-108.815,32.615
flexuosus,-114.533458,36.486094
flexuosus,-115.452425,36.089927
flexuosus,-115.420282,36.158771
flexuosus,-112.981069,37.201708
flexuosus,-110.875912,33.479378
flexuosus,-115.395453,36.064118
flexuosus,-115.513431,35.81828
flexuosus,-115.73144,36.422142
flexuosus,-113.170917,37.20562
flexuosus,-113.10228,37.27034
flexuosus,-115.453023,36.069684
flexuosus,-109.30885,32.96408
flexuosus,-111.681747,34.679783
flexuosus,-115.421741,36.148345
flexuosus,-113.795508,36.951622
flexuosus,-114.531866,36.241928
flexuosus,-114.54631,36.417444
flexuosus,-114.557791,36.422544
flexuosus,-114.468725,37.77932
flexuosus,-114.448523,36.543634
flexuosus,-114.448523,36.543634
flexuosus,-114.448523,36.543634
flexuosus,-114.744971,35.260552
flexuosus,-112.114654,36.091529
flexuosus,-110.880714,33.866833
flexuosus,-112.23753,36.082506
flexuosus,-111.762821,36.05426
flexuosus,-112.018061,34.764038
flexuosus,-108.251,36.7449
flexuosus,-115.462355,36.103035
flexuosus,-114.532215,36.242079
flexuosus,-114.53329,36.48735
flexuosus,-115.427884,36.135739
flexuosus,-115.113373,36.617732
flexuosus,-115.420081,36.144831
flexuosus,-112.129533,36.0751
flexuosus,-115.441045,36.138792
flexuosus,-115.427003,36.150876