"species","longitude","latitude","geometry"
"flexuosus",-112.257084,33.875204,"POINT (-112.2571 33.8752)"
"flexuosus",-114.361452,33.729854,"POINT (-114.3615 33.72985)"
"flexuosus",-114.825587,36.321304,"POINT (-114.8256 36.3213)"
"flexuosus",-114.221786,36.485737,"POINT (-114.2218 36.48574)"
"flexuosus",-113.622658,37.153683,"POINT (-113.6227 37.15368)"
"flexuosus",-110.782363,33.405677,"POINT (-110.7824 33.40568)"
"flexuosus",-115.507605,36.166417,"POINT (-115.5076 36.16642)"
"flexuosus",-113.653889,37.283056,"POINT (-113.6539 37.28306)"
"flexuosus",-113.368816,37.264268,"POINT (-113.3688 37.26427)"
"flexuosus",-111.388823,34.038094,"POINT (-111.3888 34.03809)"
"flexuosus",-111.394769,34.118722,"POINT (-111.3948 34.11872)"
"flexuosus",-115.47253,38.049949,"POINT (-115.4725 38.04995)"
"flexuosus",-115.41054,38.22246,"POINT (-115.4105 38.22246)"
"flexuosus",-114.44306,36.91611,"POINT (-114.4431 36.91611)"
"flexuosus",-114.81769,37.0115,"POINT (-114.8177 37.0115)"
"flexuosus",-115.624993,37.882632,"POINT (-115.625 37.88263)"
"flexuosus",-115.133222,38.088474,"POINT (-115.1332 38.08847)"
"flexuosus",-115.281343,37.340433,"POINT (-115.2813 37.34043)"
"flexuosus",-115.393306,37.619474,"POINT (-115.3933 37.61947)"
"flexuosus",-108.696926,37.172428,"POINT (-108.6969 37.17243)"
"flexuosus",-108.988865,37.33324,"POINT (-108.9889 37.33324)"
"flexuosus",-108.988865,37.33324,"POINT (-108.9889 37.33324)"
"flexuosus",-107.876119,37.047916,"POINT (-107.8761 37.04792)"
"flexuosus",-108.740968,37.016917,"POINT (-108.741 37.01692)"
"flexuosus",-107.87431,37.1502,"POINT (-107.8743 37.1502)"
"flexuosus",-116.322088,36.451363,"POINT (-116.3221 36.45136)"
"flexuosus",-116.321853,36.450792,"POINT (-116.3219 36.45079)"
"flexuosus",-116.322762,36.450537,"POINT (-116.3228 36.45054)"
"flexuosus",-116.321533,36.450888,"POINT (-116.3215 36.45089)"
"flexuosus",-110.378244,37.877725,"POINT (-110.3782 37.87772)"
"flexuosus",-113.447461,37.151674,"POINT (-113.4475 37.15167)"
"flexuosus",-109.173205,39.034614,"POINT (-109.1732 39.03461)"
"flexuosus",-114.921082,36.152047,"POINT (-114.9211 36.15205)"
"flexuosus",-113.537706,35.484995,"POINT (-113.5377 35.485)"
"flexuosus",-114.468785,35.937702,"POINT (-114.4688 35.9377)"
"flexuosus",-113.647974,34.694925,"POINT (-113.648 34.69492)"
"flexuosus",-115.464723,36.103375,"POINT (-115.4647 36.10337)"
"flexuosus",-113.370764,37.221537,"POINT (-113.3708 37.22154)"
"flexuosus",-114.203967,37.011533,"POINT (-114.204 37.01153)"
"flexuosus",-108.528167,36.796439,"POINT (-108.5282 36.79644)"
"flexuosus",-108.972972,38.196043,"POINT (-108.973 38.19604)"
"flexuosus",-114.523842,38.884053,"POINT (-114.5238 38.88405)"
"flexuosus",-114.525078,38.88395,"POINT (-114.5251 38.88395)"
"flexuosus",-108.966249,38.019848,"POINT (-108.9662 38.01985)"
"flexuosus",-108.530403,36.791783,"POINT (-108.5304 36.79178)"
"flexuosus",-108.995369,38.194337,"POINT (-108.9954 38.19434)"
"flexuosus",-115.410083,36.166824,"POINT (-115.4101 36.16682)"
"flexuosus",-112.450762,37.023272,"POINT (-112.4508 37.02327)"
"flexuosus",-115.401145,36.053855,"POINT (-115.4011 36.05385)"
"flexuosus",-114.414575,36.89886,"POINT (-114.4146 36.89886)"
"flexuosus",-115.522415,36.026857,"POINT (-115.5224 36.02686)"
"flexuosus",-115.759056,36.211605,"POINT (-115.7591 36.2116)"
"flexuosus",-115.758438,36.212742,"POINT (-115.7584 36.21274)"
"flexuosus",-115.482435,36.012397,"POINT (-115.4824 36.0124)"
"flexuosus",-114.906997,36.599656,"POINT (-114.907 36.59966)"
"flexuosus",-109.618107,37.262415,"POINT (-109.6181 37.26241)"
"flexuosus",-114.3935,36.749,"POINT (-114.3935 36.749)"
"flexuosus",-112.060073,36.723838,"POINT (-112.0601 36.72384)"
"flexuosus",-111.773311,34.674919,"POINT (-111.7733 34.67492)"
"flexuosus",-111.6508,35.939806,"POINT (-111.6508 35.93981)"
"flexuosus",-111.753624,34.648861,"POINT (-111.7536 34.64886)"
"flexuosus",-111.754172,34.868711,"POINT (-111.7542 34.86871)"
"flexuosus",-111.6614,34.674078,"POINT (-111.6614 34.67408)"
"flexuosus",-115.501228,36.175113,"POINT (-115.5012 36.17511)"
"flexuosus",-115.496886,36.15655,"POINT (-115.4969 36.15655)"
"flexuosus",-114.257528,37.066611,"POINT (-114.2575 37.06661)"
"flexuosus",-115.288194,37.694694,"POINT (-115.2882 37.69469)"
"flexuosus",-114.646389,38.131167,"POINT (-114.6464 38.13117)"
"flexuosus",-114.443056,36.916111,"POINT (-114.4431 36.91611)"
"flexuosus",-116.880893,36.694232,"POINT (-116.8809 36.69423)"
"flexuosus",-114.858712,36.000754,"POINT (-114.8587 36.00075)"
"flexuosus",-114.050556,37.1625,"POINT (-114.0506 37.1625)"
"flexuosus",-113.448889,37.158889,"POINT (-113.4489 37.15889)"
"flexuosus",-113.258028,37.221833,"POINT (-113.258 37.22183)"
"flexuosus",-113.854167,37.236111,"POINT (-113.8542 37.23611)"
"flexuosus",-113.635833,37.02,"POINT (-113.6358 37.02)"
"flexuosus",-113.060833,37.163611,"POINT (-113.0608 37.16361)"
"flexuosus",-113.294167,37.330278,"POINT (-113.2942 37.33028)"
"flexuosus",-113.643056,37.011944,"POINT (-113.6431 37.01194)"
"flexuosus",-113.99486,37.33781,"POINT (-113.9949 37.33781)"
"flexuosus",-113.84501,38.47599,"POINT (-113.845 38.47599)"
"flexuosus",-114.04927,37.00077,"POINT (-114.0493 37.00077)"
"flexuosus",-113.59583,37.1028,"POINT (-113.5958 37.1028)"
"flexuosus",-112.50185,37.03625,"POINT (-112.5019 37.03625)"
"flexuosus",-111.91375,37.16511,"POINT (-111.9137 37.16511)"
"flexuosus",-109.31083,38.88066,"POINT (-109.3108 38.88066)"
"flexuosus",-113.13888,37.88888,"POINT (-113.1389 37.88888)"
"flexuosus",-112.50333,37.03516,"POINT (-112.5033 37.03516)"
"flexuosus",-112.50388,37.03301,"POINT (-112.5039 37.03301)"
"flexuosus",-114.01883,37.10133,"POINT (-114.0188 37.10133)"
"flexuosus",-114.14546,36.52286,"POINT (-114.1455 36.52286)"
"flexuosus",-114.25752,37.06661,"POINT (-114.2575 37.06661)"
"flexuosus",-112.69663,37.98243,"POINT (-112.6966 37.98243)"
"flexuosus",-114.42865,36.62766,"POINT (-114.4287 36.62766)"
"flexuosus",-113.23306,36.18003,"POINT (-113.2331 36.18003)"
"flexuosus",-113.049,37.6673,"POINT (-113.049 37.6673)"
"flexuosus",-113.74717,37.35358,"POINT (-113.7472 37.35358)"
"flexuosus",-113.81266,37.21366,"POINT (-113.8127 37.21366)"
"flexuosus",-112.84609,36.87925,"POINT (-112.8461 36.87925)"
"flexuosus",-113.6775,37.14483,"POINT (-113.6775 37.14483)"
"flexuosus",-113.89875,38.55092,"POINT (-113.8988 38.55092)"
"flexuosus",-114.20426,36.57621,"POINT (-114.2043 36.57621)"
"flexuosus",-109.1075,36.98833,"POINT (-109.1075 36.98833)"
"flexuosus",-115.28819,37.69469,"POINT (-115.2882 37.69469)"
"flexuosus",-114.15671,36.5283,"POINT (-114.1567 36.5283)"
"flexuosus",-114.02306,37.08923,"POINT (-114.0231 37.08923)"
"flexuosus",-113.86666,36.36305,"POINT (-113.8667 36.36305)"
"flexuosus",-114.64638,38.13116,"POINT (-114.6464 38.13116)"
"flexuosus",-114.22843,36.77475,"POINT (-114.2284 36.77475)"
"flexuosus",-111.96516,36.92533,"POINT (-111.9652 36.92533)"
"flexuosus",-111.67633,36.80283,"POINT (-111.6763 36.80283)"
"flexuosus",-108.939476,38.184367,"POINT (-108.9395 38.18437)"
"flexuosus",-116.722711,36.894553,"POINT (-116.7227 36.89455)"
"flexuosus",-113.110978,36.760783,"POINT (-113.111 36.76078)"
"flexuosus",-113.228762,37.45562,"POINT (-113.2288 37.45562)"
"flexuosus",-111.919047,34.797343,"POINT (-111.919 34.79734)"
"flexuosus",-111.114472,33.645383,"POINT (-111.1145 33.64538)"
"flexuosus",-112.374789,34.991003,"POINT (-112.3748 34.991)"
"flexuosus",-111.795137,34.843192,"POINT (-111.7951 34.84319)"
"flexuosus",-116.877192,36.974008,"POINT (-116.8772 36.97401)"
"flexuosus",-116.717497,36.891511,"POINT (-116.7175 36.89151)"
"flexuosus",-111.114355,33.645464,"POINT (-111.1144 33.64546)"
"flexuosus",-111.769478,34.813366,"POINT (-111.7695 34.81337)"
"flexuosus",-111.706825,34.676678,"POINT (-111.7068 34.67668)"
"flexuosus",-116.529558,38.163391,"POINT (-116.5296 38.16339)"
"flexuosus",-111.752585,34.6477,"POINT (-111.7526 34.6477)"
"flexuosus",-113.228783,37.45553,"POINT (-113.2288 37.45553)"
"flexuosus",-111.894528,34.830027,"POINT (-111.8945 34.83003)"
"flexuosus",-116.094734,36.45153,"POINT (-116.0947 36.45153)"
"flexuosus",-115.431237,36.148697,"POINT (-115.4312 36.1487)"
"flexuosus",-111.706817,34.676658,"POINT (-111.7068 34.67666)"
"flexuosus",-110.086564,36.957822,"POINT (-110.0866 36.95782)"
"flexuosus",-112.350212,37.021031,"POINT (-112.3502 37.02103)"
"flexuosus",-111.793877,34.872563,"POINT (-111.7939 34.87256)"
"flexuosus",-115.48803,36.124528,"POINT (-115.488 36.12453)"
"flexuosus",-116.763428,37.026069,"POINT (-116.7634 37.02607)"
"flexuosus",-112.025809,34.771199,"POINT (-112.0258 34.7712)"
"flexuosus",-108.899069,38.015909,"POINT (-108.8991 38.01591)"
"flexuosus",-113.228737,37.45557,"POINT (-113.2287 37.45557)"
"flexuosus",-108.807994,38.129442,"POINT (-108.808 38.12944)"
"flexuosus",-113.626587,37.020747,"POINT (-113.6266 37.02075)"
"flexuosus",-112.057746,36.732517,"POINT (-112.0577 36.73252)"
"flexuosus",-116.332114,36.453439,"POINT (-116.3321 36.45344)"
"flexuosus",-115.465112,36.100327,"POINT (-115.4651 36.10033)"
"flexuosus",-111.925652,34.708893,"POINT (-111.9257 34.70889)"
"flexuosus",-115.23838,36.106331,"POINT (-115.2384 36.10633)"
"flexuosus",-108.975803,38.008204,"POINT (-108.9758 38.0082)"
"flexuosus",-113.228858,37.455208,"POINT (-113.2289 37.45521)"
"flexuosus",-116.733606,36.891739,"POINT (-116.7336 36.89174)"
"flexuosus",-116.666122,36.871681,"POINT (-116.6661 36.87168)"
"flexuosus",-111.894783,34.812763,"POINT (-111.8948 34.81276)"
"flexuosus",-116.666381,36.869728,"POINT (-116.6664 36.86973)"
"flexuosus",-110.088355,36.989222,"POINT (-110.0884 36.98922)"
"flexuosus",-116.669153,36.880414,"POINT (-116.6692 36.88041)"
"flexuosus",-108.504349,35.128984,"POINT (-108.5043 35.12898)"
"flexuosus",-115.670739,36.039617,"POINT (-115.6707 36.03962)"
"flexuosus",-115.37388,33.47138,"POINT (-115.3739 33.47138)"
"flexuosus",-115.477378,36.102745,"POINT (-115.4774 36.10274)"
"flexuosus",-113.9127,37.0844,"POINT (-113.9127 37.0844)"
"flexuosus",-114.183556,36.845689,"POINT (-114.1836 36.84569)"
"flexuosus",-114.183175,36.846367,"POINT (-114.1832 36.84637)"
"flexuosus",-115.350643,37.604682,"POINT (-115.3506 37.60468)"
"flexuosus",-114.183961,36.846142,"POINT (-114.184 36.84614)"
"flexuosus",-114.183281,36.846081,"POINT (-114.1833 36.84608)"
"flexuosus",-115.262603,35.859019,"POINT (-115.2626 35.85902)"
"flexuosus",-108.530394,36.791778,"POINT (-108.5304 36.79178)"
"flexuosus",-114.323745,34.348038,"POINT (-114.3237 34.34804)"
"flexuosus",-114.177339,36.822728,"POINT (-114.1773 36.82273)"
"flexuosus",-108.528106,36.796508,"POINT (-108.5281 36.79651)"
"flexuosus",-114.176497,36.825211,"POINT (-114.1765 36.82521)"
"flexuosus",-113.56392,37.231742,"POINT (-113.5639 37.23174)"
"flexuosus",-108.930127,32.669158,"POINT (-108.9301 32.66916)"
"flexuosus",-114.184075,36.846367,"POINT (-114.1841 36.84637)"
"flexuosus",-114.176889,36.823842,"POINT (-114.1769 36.82384)"
"flexuosus",-116.749725,37.00375,"POINT (-116.7497 37.00375)"
"flexuosus",-107.920683,36.034562,"POINT (-107.9207 36.03456)"
"flexuosus",-113.555226,37.876738,"POINT (-113.5552 37.87674)"
"flexuosus",-115.500528,35.815403,"POINT (-115.5005 35.8154)"
"flexuosus",-112.487475,37.139337,"POINT (-112.4875 37.13934)"
"flexuosus",-112.468227,34.885551,"POINT (-112.4682 34.88555)"
"flexuosus",-111.758238,34.795903,"POINT (-111.7582 34.7959)"
"flexuosus",-111.890361,34.549348,"POINT (-111.8904 34.54935)"
"flexuosus",-111.789545,34.822145,"POINT (-111.7895 34.82214)"
"flexuosus",-113.638589,37.227783,"POINT (-113.6386 37.22778)"
"flexuosus",-116.712745,37.039325,"POINT (-116.7127 37.03932)"
"flexuosus",-114.899933,37.23968,"POINT (-114.8999 37.23968)"
"flexuosus",-112.515496,37.017318,"POINT (-112.5155 37.01732)"
"flexuosus",-111.788002,34.874683,"POINT (-111.788 34.87468)"
"flexuosus",-108.162597,36.759803,"POINT (-108.1626 36.7598)"
"flexuosus",-112.0513,36.754262,"POINT (-112.0513 36.75426)"
"flexuosus",-113.229163,37.45532,"POINT (-113.2292 37.45532)"
"flexuosus",-116.740342,36.999806,"POINT (-116.7403 36.99981)"
"flexuosus",-112.0513,36.754262,"POINT (-112.0513 36.75426)"
"flexuosus",-108.620956,37.1533,"POINT (-108.621 37.1533)"
"flexuosus",-111.825767,34.842955,"POINT (-111.8258 34.84296)"
"flexuosus",-112.395551,35.025527,"POINT (-112.3956 35.02553)"
"flexuosus",-113.6399,37.085786,"POINT (-113.6399 37.08579)"
"flexuosus",-109.042236,36.864955,"POINT (-109.0422 36.86496)"
"flexuosus",-113.9092,37.0965,"POINT (-113.9092 37.0965)"
"flexuosus",-114.223192,36.455982,"POINT (-114.2232 36.45598)"
"flexuosus",-113.101844,37.27128,"POINT (-113.1018 37.27128)"
"flexuosus",-114.001336,37.017756,"POINT (-114.0013 37.01776)"
"flexuosus",-112.526514,37.058594,"POINT (-112.5265 37.05859)"
"flexuosus",-113.91296,37.08405,"POINT (-113.913 37.08405)"
"flexuosus",-112.517057,37.001233,"POINT (-112.5171 37.00123)"
"flexuosus",-109.042328,36.864813,"POINT (-109.0423 36.86481)"
"flexuosus",-109.042236,36.865017,"POINT (-109.0422 36.86502)"
"flexuosus",-109.042283,36.864938,"POINT (-109.0423 36.86494)"
"flexuosus",-111.773605,34.818275,"POINT (-111.7736 34.81827)"
"flexuosus",-112.984955,37.089646,"POINT (-112.985 37.08965)"
"flexuosus",-113.101836,37.271255,"POINT (-113.1018 37.27125)"
"flexuosus",-112.548728,37.030736,"POINT (-112.5487 37.03074)"
"flexuosus",-113.102158,37.270988,"POINT (-113.1022 37.27099)"
"flexuosus",-114.140664,36.52326,"POINT (-114.1407 36.52326)"
"flexuosus",-113.10218,37.270992,"POINT (-113.1022 37.27099)"
"flexuosus",-115.32472,33.62611,"POINT (-115.3247 33.62611)"
"flexuosus",-113.819114,37.01576,"POINT (-113.8191 37.01576)"
"flexuosus",-116.73365,36.893039,"POINT (-116.7336 36.89304)"
"flexuosus",-115.450867,36.164125,"POINT (-115.4509 36.16412)"
"flexuosus",-111.403013,34.220222,"POINT (-111.403 34.22022)"
"flexuosus",-114.134532,36.623194,"POINT (-114.1345 36.62319)"
"flexuosus",-111.402703,34.2202,"POINT (-111.4027 34.2202)"
"flexuosus",-111.388695,34.216817,"POINT (-111.3887 34.21682)"
"flexuosus",-111.748505,34.886567,"POINT (-111.7485 34.88657)"
"flexuosus",-115.491335,36.123796,"POINT (-115.4913 36.1238)"
"flexuosus",-111.388787,34.216658,"POINT (-111.3888 34.21666)"
"flexuosus",-111.757214,34.754511,"POINT (-111.7572 34.75451)"
"flexuosus",-111.762844,34.797781,"POINT (-111.7628 34.79778)"
"flexuosus",-111.834205,34.852917,"POINT (-111.8342 34.85292)"
"flexuosus",-114.07968,36.538432,"POINT (-114.0797 36.53843)"
"flexuosus",-115.424278,36.149933,"POINT (-115.4243 36.14993)"
"flexuosus",-114.206069,36.58062,"POINT (-114.2061 36.58062)"
"flexuosus",-111.402887,34.220195,"POINT (-111.4029 34.22019)"
"flexuosus",-111.883777,34.808195,"POINT (-111.8838 34.8082)"
"flexuosus",-115.491335,36.123796,"POINT (-115.4913 36.1238)"
"flexuosus",-111.988175,36.038361,"POINT (-111.9882 36.03836)"
"flexuosus",-111.875488,34.735017,"POINT (-111.8755 34.73502)"
"flexuosus",-113.578865,37.193053,"POINT (-113.5789 37.19305)"
"flexuosus",-115.476708,36.09527,"POINT (-115.4767 36.09527)"
"flexuosus",-108.634927,32.626633,"POINT (-108.6349 32.62663)"
"flexuosus",-111.388755,34.216717,"POINT (-111.3888 34.21672)"
"flexuosus",-113.403345,37.2256,"POINT (-113.4033 37.2256)"
"flexuosus",-115.462636,36.067137,"POINT (-115.4626 36.06714)"
"flexuosus",-112.468227,34.885551,"POINT (-112.4682 34.88555)"
"flexuosus",-115.447022,36.160162,"POINT (-115.447 36.16016)"
"flexuosus",-114.915755,36.540037,"POINT (-114.9158 36.54004)"
"flexuosus",-108.741828,32.639039,"POINT (-108.7418 32.63904)"
"flexuosus",-116.332053,36.453442,"POINT (-116.3321 36.45344)"
"flexuosus",-111.395523,34.035914,"POINT (-111.3955 34.03591)"
"flexuosus",-113.473053,37.017826,"POINT (-113.4731 37.01783)"
"flexuosus",-115.479012,36.125358,"POINT (-115.479 36.12536)"
"flexuosus",-114.140975,36.522792,"POINT (-114.141 36.52279)"
"flexuosus",-113.54018,37.097316,"POINT (-113.5402 37.09732)"
"flexuosus",-113.566235,37.006352,"POINT (-113.5662 37.00635)"
"flexuosus",-115.482545,36.117097,"POINT (-115.4825 36.1171)"
"flexuosus",-111.828772,34.807234,"POINT (-111.8288 34.80723)"
"flexuosus",-114.522058,36.483369,"POINT (-114.5221 36.48337)"
"flexuosus",-113.624222,37.066472,"POINT (-113.6242 37.06647)"
"flexuosus",-116.063072,35.883572,"POINT (-116.0631 35.88357)"
"flexuosus",-114.547941,36.251495,"POINT (-114.5479 36.2515)"
"flexuosus",-113.599793,37.098633,"POINT (-113.5998 37.09863)"
"flexuosus",-113.620017,37.068553,"POINT (-113.62 37.06855)"
"flexuosus",-114.140197,36.523152,"POINT (-114.1402 36.52315)"
"flexuosus",-113.567324,37.111686,"POINT (-113.5673 37.11169)"
"flexuosus",-113.353063,37.228275,"POINT (-113.3531 37.22827)"
"flexuosus",-115.457731,36.153083,"POINT (-115.4577 36.15308)"
"flexuosus",-113.493101,37.157051,"POINT (-113.4931 37.15705)"
"flexuosus",-113.595297,37.12333,"POINT (-113.5953 37.12333)"
"flexuosus",-115.058705,35.932052,"POINT (-115.0587 35.93205)"
"flexuosus",-115.492465,36.155676,"POINT (-115.4925 36.15568)"
"flexuosus",-113.640083,34.92663,"POINT (-113.6401 34.92663)"
"flexuosus",-113.499809,37.155518,"POINT (-113.4998 37.15552)"
"flexuosus",-114.533211,36.487501,"POINT (-114.5332 36.4875)"
"flexuosus",-112.056048,34.767533,"POINT (-112.056 34.76753)"
"flexuosus",-114.627141,36.244447,"POINT (-114.6271 36.24445)"
"flexuosus",-114.623884,36.242901,"POINT (-114.6239 36.2429)"
"flexuosus",-108.16313,36.759125,"POINT (-108.1631 36.75912)"
"flexuosus",-116.332078,36.453406,"POINT (-116.3321 36.45341)"
"flexuosus",-116.320734,36.49667,"POINT (-116.3207 36.49667)"
"flexuosus",-111.751647,34.871628,"POINT (-111.7516 34.87163)"
"flexuosus",-109.776703,33.030655,"POINT (-109.7767 33.03066)"
"flexuosus",-115.45183,36.165893,"POINT (-115.4518 36.16589)"
"flexuosus",-113.49534,37.151709,"POINT (-113.4953 37.15171)"
"flexuosus",-108.599083,33.024188,"POINT (-108.5991 33.02419)"
"flexuosus",-115.462543,36.068143,"POINT (-115.4625 36.06814)"
"flexuosus",-112.511729,37.006694,"POINT (-112.5117 37.00669)"
"flexuosus",-114.997903,36.452358,"POINT (-114.9979 36.45236)"
"flexuosus",-113.491028,37.119617,"POINT (-113.491 37.11962)"
"flexuosus",-111.088097,33.642845,"POINT (-111.0881 33.64285)"
"flexuosus",-116.296042,36.412045,"POINT (-116.296 36.41204)"
"flexuosus",-110.949367,33.644015,"POINT (-110.9494 33.64402)"
"flexuosus",-116.33031,36.454814,"POINT (-116.3303 36.45481)"
"flexuosus",-114.32373,34.348003,"POINT (-114.3237 34.348)"
"flexuosus",-115.13389,41.13944,"POINT (-115.1339 41.13944)"
"flexuosus",-113.05,37.3,"POINT (-113.05 37.3)"
"flexuosus",-114.35833,38.84139,"POINT (-114.3583 38.84139)"
"flexuosus",-112.031249,36.055512,"POINT (-112.0312 36.05551)"
"flexuosus",-115.16361,37.248996,"POINT (-115.1636 37.249)"
"flexuosus",-109.012111,36.978524,"POINT (-109.0121 36.97852)"
"flexuosus",-117.037355,34.352215,"POINT (-117.0374 34.35222)"
"flexuosus",-115.54083,36.24306,"POINT (-115.5408 36.24306)"
"flexuosus",-114.56833,36.66528,"POINT (-114.5683 36.66528)"
"flexuosus",-112.371181,36.898317,"POINT (-112.3712 36.89832)"
"flexuosus",-113.408963,37.164005,"POINT (-113.409 37.16401)"
"flexuosus",-111.57778,36.86806,"POINT (-111.5778 36.86806)"
"flexuosus",-110.850584,37.616216,"POINT (-110.8506 37.61622)"
"flexuosus",-117.424913,34.32833,"POINT (-117.4249 34.32833)"
"flexuosus",-116.98056,36.71722,"POINT (-116.9806 36.71722)"
"flexuosus",-113.88333,37.05528,"POINT (-113.8833 37.05528)"
"flexuosus",-113.28389,37.296832,"POINT (-113.2839 37.29683)"
"flexuosus",-115.44444,36.29472,"POINT (-115.4444 36.29472)"
"flexuosus",-113.294,36.1723,"POINT (-113.294 36.1723)"
"flexuosus",-113.590263,37.122575,"POINT (-113.5903 37.12257)"
"flexuosus",-116.712753,37.039122,"POINT (-116.7128 37.03912)"
"flexuosus",-108.742488,32.643112,"POINT (-108.7425 32.64311)"
"flexuosus",-114.526056,36.471936,"POINT (-114.5261 36.47194)"
"flexuosus",-114.52346,36.485859,"POINT (-114.5235 36.48586)"
"flexuosus",-114.526149,36.471789,"POINT (-114.5261 36.47179)"
"flexuosus",-115.344951,36.227887,"POINT (-115.345 36.22789)"
"flexuosus",-111.211792,33.669697,"POINT (-111.2118 33.6697)"
"flexuosus",-115.689758,36.148597,"POINT (-115.6898 36.1486)"
"flexuosus",-111.211792,33.669697,"POINT (-111.2118 33.6697)"
"flexuosus",-113.799317,36.96077,"POINT (-113.7993 36.96077)"
"flexuosus",-108.930055,32.669387,"POINT (-108.9301 32.66939)"
"flexuosus",-111.868125,34.897257,"POINT (-111.8681 34.89726)"
"flexuosus",-111.659525,34.91991,"POINT (-111.6595 34.91991)"
"flexuosus",-111.984713,34.870637,"POINT (-111.9847 34.87064)"
"flexuosus",-108.664256,32.73318,"POINT (-108.6643 32.73318)"
"flexuosus",-113.00376,37.18284,"POINT (-113.0038 37.18284)"
"flexuosus",-113.00506,37.18437,"POINT (-113.0051 37.18437)"
"flexuosus",-113.0068,37.18546,"POINT (-113.0068 37.18546)"
"flexuosus",-112.97512,37.21666,"POINT (-112.9751 37.21666)"
"flexuosus",-114.525932,36.487059,"POINT (-114.5259 36.48706)"
"flexuosus",-112.99988,37.19991,"POINT (-112.9999 37.19991)"
"flexuosus",-111.854874,34.573913,"POINT (-111.8549 34.57391)"
"flexuosus",-112.99951,37.19934,"POINT (-112.9995 37.19934)"
"flexuosus",-114.148086,36.428692,"POINT (-114.1481 36.42869)"
"flexuosus",-113.62786,37.08949,"POINT (-113.6279 37.08949)"
"flexuosus",-113.3561,34.55982,"POINT (-113.3561 34.55982)"
"flexuosus",-115.612652,38.05467,"POINT (-115.6127 38.05467)"
"flexuosus",-113.153847,37.142039,"POINT (-113.1538 37.14204)"
"flexuosus",-113.289239,37.328933,"POINT (-113.2892 37.32893)"
"flexuosus",-113.311958,37.279125,"POINT (-113.312 37.27913)"
"flexuosus",-111.852014,37.119728,"POINT (-111.852 37.11973)"
"flexuosus",-113.625358,37.052364,"POINT (-113.6254 37.05236)"
"flexuosus",-111.369683,34.036636,"POINT (-111.3697 34.03664)"
"flexuosus",-113.572281,37.223836,"POINT (-113.5723 37.22384)"
"flexuosus",-113.628472,37.053517,"POINT (-113.6285 37.05352)"
"flexuosus",-113.590064,37.080339,"POINT (-113.5901 37.08034)"
"flexuosus",-113.582053,37.197017,"POINT (-113.5821 37.19702)"
"flexuosus",-110.695507,36.537874,"POINT (-110.6955 36.53787)"
"flexuosus",-113.42779,37.287554,"POINT (-113.4278 37.28755)"
"flexuosus",-115.422742,36.149866,"POINT (-115.4227 36.14987)"
"flexuosus",-115.495567,36.158974,"POINT (-115.4956 36.15897)"
"flexuosus",-112.458542,34.903664,"POINT (-112.4585 34.90366)"
"flexuosus",-114.51221,36.43721,"POINT (-114.5122 36.43721)"
"flexuosus",-114.15,36.53,"POINT (-114.15 36.53)"
"flexuosus",-115.423931,36.153999,"POINT (-115.4239 36.154)"
"flexuosus",-113.399422,37.272383,"POINT (-113.3994 37.27238)"
"flexuosus",-113.570629,37.399022,"POINT (-113.5706 37.39902)"
"flexuosus",-115.47682,36.125868,"POINT (-115.4768 36.12587)"
"flexuosus",-115.398001,36.049333,"POINT (-115.398 36.04933)"
"flexuosus",-112.429146,34.646398,"POINT (-112.4291 34.6464)"
"flexuosus",-111.386575,36.903112,"POINT (-111.3866 36.90311)"
"flexuosus",-113.264717,37.2713,"POINT (-113.2647 37.2713)"
"flexuosus",-111.651227,35.936775,"POINT (-111.6512 35.93677)"
"flexuosus",-114.51859,36.458385,"POINT (-114.5186 36.45838)"
"flexuosus",-111.788484,34.905156,"POINT (-111.7885 34.90516)"
"flexuosus",-115.374887,38.352242,"POINT (-115.3749 38.35224)"
"flexuosus",-115.372947,38.353778,"POINT (-115.3729 38.35378)"
"flexuosus",-112.84609,36.87925,"POINT (-112.8461 36.87925)"
"flexuosus",-113.462818,36.698605,"POINT (-113.4628 36.6986)"
"flexuosus",-115.353187,36.63626,"POINT (-115.3532 36.63626)"
"flexuosus",-115.91999,36.33851,"POINT (-115.92 36.33851)"
"flexuosus",-115.483672,36.123567,"POINT (-115.4837 36.12357)"
"flexuosus",-115.503953,36.178265,"POINT (-115.504 36.17827)"
"flexuosus",-111.510423,36.87916,"POINT (-111.5104 36.87916)"
"flexuosus",-115.41,38.05,"POINT (-115.41 38.05)"
"flexuosus",-114.203967,37.011533,"POINT (-114.204 37.01153)"
"flexuosus",-114.20285,36.488083,"POINT (-114.2028 36.48808)"
"flexuosus",-115.972617,36.702298,"POINT (-115.9726 36.7023)"
"flexuosus",-115.291601,36.84061,"POINT (-115.2916 36.84061)"
"flexuosus",-115.288194,37.694694,"POINT (-115.2882 37.69469)"
"flexuosus",-114.646389,38.131167,"POINT (-114.6464 38.13117)"
"flexuosus",-114.257528,37.066611,"POINT (-114.2575 37.06661)"
"flexuosus",-113.687051,37.350917,"POINT (-113.6871 37.35092)"
"flexuosus",-114.607767,38.319701,"POINT (-114.6078 38.3197)"
"flexuosus",-114.459233,37.993176,"POINT (-114.4592 37.99318)"
"flexuosus",-114.46301,37.989185,"POINT (-114.463 37.98918)"
"flexuosus",-114.255746,37.701915,"POINT (-114.2557 37.70191)"
"flexuosus",-116.878533,36.833642,"POINT (-116.8785 36.83364)"
"flexuosus",-114.323772,38.471804,"POINT (-114.3238 38.4718)"
"flexuosus",-116.949834,36.847608,"POINT (-116.9498 36.84761)"
"flexuosus",-115.504173,36.016915,"POINT (-115.5042 36.01691)"
"flexuosus",-114.154088,36.667087,"POINT (-114.1541 36.66709)"
"flexuosus",-116.187641,37.229931,"POINT (-116.1876 37.22993)"
"flexuosus",-114.149689,36.505585,"POINT (-114.1497 36.50559)"
"flexuosus",-115.742816,36.426202,"POINT (-115.7428 36.4262)"
"flexuosus",-115.405292,36.07178,"POINT (-115.4053 36.07178)"
"flexuosus",-113.59711,37.106051,"POINT (-113.5971 37.10605)"
"flexuosus",-115.545221,36.246022,"POINT (-115.5452 36.24602)"
"flexuosus",-115.686003,36.415935,"POINT (-115.686 36.41593)"
"flexuosus",-113.2667,37.2,"POINT (-113.2667 37.2)"
"flexuosus",-116.958,36.9883,"POINT (-116.958 36.9883)"
"flexuosus",-114.572587,36.660637,"POINT (-114.5726 36.66064)"
"flexuosus",-111.676333,36.802833,"POINT (-111.6763 36.80283)"
"flexuosus",-114.3935,36.749,"POINT (-114.3935 36.749)"
"flexuosus",-114.493725,37.654631,"POINT (-114.4937 37.65463)"
"flexuosus",-114.085,36.983,"POINT (-114.085 36.983)"
"flexuosus",-114.555,36.973,"POINT (-114.555 36.973)"
"flexuosus",-114.18433,36.54953,"POINT (-114.1843 36.54953)"
"flexuosus",-114.42865,36.62766,"POINT (-114.4287 36.62766)"
"flexuosus",-111.829485,34.608334,"POINT (-111.8295 34.60833)"
"flexuosus",-111.66086,34.673418,"POINT (-111.6609 34.67342)"
"flexuosus",-109.021398,37.500577,"POINT (-109.0214 37.50058)"
"flexuosus",-108.952897,37.559927,"POINT (-108.9529 37.55993)"
"flexuosus",-113.813607,38.609206,"POINT (-113.8136 38.60921)"
"flexuosus",-113.819244,38.635277,"POINT (-113.8192 38.63528)"
"flexuosus",-113.431458,34.489973,"POINT (-113.4315 34.48997)"
"flexuosus",-113.00536,37.312467,"POINT (-113.0054 37.31247)"
"flexuosus",-112.033116,37.001319,"POINT (-112.0331 37.00132)"
"flexuosus",-112.033116,37.001319,"POINT (-112.0331 37.00132)"
"flexuosus",-109.93408,37.163549,"POINT (-109.9341 37.16355)"
"flexuosus",-114.523466,38.883746,"POINT (-114.5235 38.88375)"
"flexuosus",-109.936022,37.164324,"POINT (-109.936 37.16432)"
"flexuosus",-113.845792,38.62088,"POINT (-113.8458 38.62088)"
"flexuosus",-113.519928,37.696572,"POINT (-113.5199 37.69657)"
"flexuosus",-115.477975,36.174228,"POINT (-115.478 36.17423)"
"flexuosus",-115.288333,37.694722,"POINT (-115.2883 37.69472)"
"flexuosus",-115.468534,36.353528,"POINT (-115.4685 36.35353)"
"flexuosus",-115.831485,35.718812,"POINT (-115.8315 35.71881)"
"flexuosus",-114.228839,36.758343,"POINT (-114.2288 36.75834)"
"flexuosus",-114.228847,36.758339,"POINT (-114.2288 36.75834)"
"flexuosus",-114.522408,36.484258,"POINT (-114.5224 36.48426)"
"flexuosus",-115.268182,37.52192,"POINT (-115.2682 37.52192)"
"flexuosus",-114.525244,38.884064,"POINT (-114.5252 38.88406)"
"flexuosus",-114.201235,36.571775,"POINT (-114.2012 36.57178)"
"flexuosus",-112.984138,37.908394,"POINT (-112.9841 37.90839)"
"flexuosus",-113.100814,37.61382,"POINT (-113.1008 37.61382)"
"flexuosus",-115.455547,36.103357,"POINT (-115.4555 36.10336)"
"flexuosus",-113.169542,37.151273,"POINT (-113.1695 37.15127)"
"flexuosus",-113.80784,38.65924,"POINT (-113.8078 38.65924)"
"flexuosus",-114.228695,36.758334,"POINT (-114.2287 36.75833)"
"flexuosus",-109.830313,38.449708,"POINT (-109.8303 38.44971)"
"flexuosus",-113.847175,38.6212,"POINT (-113.8472 38.6212)"
"flexuosus",-115.527257,38.187929,"POINT (-115.5273 38.18793)"
"flexuosus",-113.495133,37.712197,"POINT (-113.4951 37.7122)"
"flexuosus",-114.648177,38.4629,"POINT (-114.6482 38.4629)"
"flexuosus",-113.848079,38.620895,"POINT (-113.8481 38.62089)"
"flexuosus",-111.90281,36.050799,"POINT (-111.9028 36.0508)"
"flexuosus",-113.184988,37.758847,"POINT (-113.185 37.75885)"
"flexuosus",-114.998596,38.759657,"POINT (-114.9986 38.75966)"
"flexuosus",-113.738145,37.280705,"POINT (-113.7381 37.2807)"
"flexuosus",-111.92556,34.709656,"POINT (-111.9256 34.70966)"
"flexuosus",-113.225678,37.457567,"POINT (-113.2257 37.45757)"
"flexuosus",-113.819158,38.634962,"POINT (-113.8192 38.63496)"
"flexuosus",-115.850471,35.63319,"POINT (-115.8505 35.63319)"
"flexuosus",-113.061058,37.141842,"POINT (-113.0611 37.14184)"
"flexuosus",-113.84452,38.61775,"POINT (-113.8445 38.61775)"
"flexuosus",-113.059936,37.65982,"POINT (-113.0599 37.65982)"
"flexuosus",-113.059478,37.660417,"POINT (-113.0595 37.66042)"
"flexuosus",-113.060692,37.661113,"POINT (-113.0607 37.66111)"
"flexuosus",-113.84506,38.61767,"POINT (-113.8451 38.61767)"
"flexuosus",-115.612579,38.054599,"POINT (-115.6126 38.0546)"
"flexuosus",-113.059897,37.659797,"POINT (-113.0599 37.6598)"
"flexuosus",-113.060211,37.659897,"POINT (-113.0602 37.6599)"
"flexuosus",-111.370042,34.036731,"POINT (-111.37 34.03673)"
"flexuosus",-113.189861,37.763098,"POINT (-113.1899 37.7631)"
"flexuosus",-111.369912,34.036683,"POINT (-111.3699 34.03668)"
"flexuosus",-111.369483,34.037006,"POINT (-111.3695 34.03701)"
"flexuosus",-111.369888,34.036653,"POINT (-111.3699 34.03665)"
"flexuosus",-113.813505,38.60928,"POINT (-113.8135 38.60928)"
"flexuosus",-111.37017,34.03672,"POINT (-111.3702 34.03672)"
"flexuosus",-113.848053,38.62087,"POINT (-113.8481 38.62087)"
"flexuosus",-111.369562,34.03692,"POINT (-111.3696 34.03692)"
"flexuosus",-111.369553,34.0369,"POINT (-111.3696 34.0369)"
"flexuosus",-113.819113,38.634962,"POINT (-113.8191 38.63496)"
"flexuosus",-111.37017,34.036639,"POINT (-111.3702 34.03664)"
"flexuosus",-115.614403,38.05605,"POINT (-115.6144 38.05605)"
"flexuosus",-111.369545,34.036922,"POINT (-111.3695 34.03692)"
"flexuosus",-113.784444,38.687404,"POINT (-113.7844 38.6874)"
"flexuosus",-111.370195,34.036653,"POINT (-111.3702 34.03665)"
"flexuosus",-115.504329,36.179852,"POINT (-115.5043 36.17985)"
"flexuosus",-115.746896,35.318443,"POINT (-115.7469 35.31844)"
"flexuosus",-113.844437,38.617428,"POINT (-113.8444 38.61743)"
"flexuosus",-114.237908,39.0578,"POINT (-114.2379 39.0578)"
"flexuosus",-113.783913,38.687908,"POINT (-113.7839 38.68791)"
"flexuosus",-115.612564,38.057398,"POINT (-115.6126 38.0574)"
"flexuosus",-114.53328,36.48703,"POINT (-114.5333 36.48703)"
"flexuosus",-115.612574,38.05477,"POINT (-115.6126 38.05477)"
"flexuosus",-115.612302,38.055097,"POINT (-115.6123 38.0551)"
"flexuosus",-113.332626,36.310931,"POINT (-113.3326 36.31093)"
"flexuosus",-113.343743,36.278763,"POINT (-113.3437 36.27876)"
"flexuosus",-112.264161,34.976883,"POINT (-112.2642 34.97688)"
"flexuosus",-111.369912,34.036483,"POINT (-111.3699 34.03648)"
"flexuosus",-114.068069,35.86707,"POINT (-114.0681 35.86707)"
"flexuosus",-113.29587,36.604735,"POINT (-113.2959 36.60473)"
"flexuosus",-114.068078,35.867053,"POINT (-114.0681 35.86705)"
"flexuosus",-111.848717,34.910778,"POINT (-111.8487 34.91078)"
"flexuosus",-111.799072,34.829869,"POINT (-111.7991 34.82987)"
"flexuosus",-113.357841,36.729224,"POINT (-113.3578 36.72922)"
"flexuosus",-115.536594,36.068464,"POINT (-115.5366 36.06846)"
"flexuosus",-112.83871,36.87754,"POINT (-112.8387 36.87754)"
"flexuosus",-111.914947,34.84943,"POINT (-111.9149 34.84943)"
"flexuosus",-114.409767,37.819583,"POINT (-114.4098 37.81958)"
"flexuosus",-115.444297,38.238862,"POINT (-115.4443 38.23886)"
"flexuosus",-115.46823,36.103617,"POINT (-115.4682 36.10362)"
"flexuosus",-115.925424,35.755201,"POINT (-115.9254 35.7552)"
"flexuosus",-112.817098,36.872506,"POINT (-112.8171 36.87251)"
"flexuosus",-113.534856,35.572094,"POINT (-113.5349 35.57209)"
"flexuosus",-115.925541,35.704597,"POINT (-115.9255 35.7046)"
"flexuosus",-115.465035,36.103456,"POINT (-115.465 36.10346)"
"flexuosus",-115.448574,36.116905,"POINT (-115.4486 36.11691)"
"flexuosus",-115.520186,36.272679,"POINT (-115.5202 36.27268)"
"flexuosus",-111.759438,34.799453,"POINT (-111.7594 34.79945)"
"flexuosus",-112.023996,34.70258,"POINT (-112.024 34.70258)"
"flexuosus",-114.817692,37.011495,"POINT (-114.8177 37.01149)"
"flexuosus",-115.41054,38.222459,"POINT (-115.4105 38.22246)"
"flexuosus",-115.563504,36.079122,"POINT (-115.5635 36.07912)"
"flexuosus",-115.421679,36.152571,"POINT (-115.4217 36.15257)"
"flexuosus",-113.62079,36.986574,"POINT (-113.6208 36.98657)"
"flexuosus",-115.853078,35.678056,"POINT (-115.8531 35.67806)"
"flexuosus",-115.867057,35.630705,"POINT (-115.8671 35.6307)"
"flexuosus",-111.911012,37.258038,"POINT (-111.911 37.25804)"
"flexuosus",-112.056878,36.895867,"POINT (-112.0569 36.89587)"
"flexuosus",-109.635939,37.525365,"POINT (-109.6359 37.52537)"
"flexuosus",-116.696147,37.067156,"POINT (-116.6961 37.06716)"
"flexuosus",-113.221672,37.190345,"POINT (-113.2217 37.19035)"
"flexuosus",-115.687347,36.414417,"POINT (-115.6873 36.41442)"
"flexuosus",-115.953407,35.602665,"POINT (-115.9534 35.60267)"
"flexuosus",-115.803417,35.707467,"POINT (-115.8034 35.70747)"
"flexuosus",-112.092178,36.076497,"POINT (-112.0922 36.0765)"
"flexuosus",-109.053591,37.383248,"POINT (-109.0536 37.38325)"
"flexuosus",-115.980946,35.765379,"POINT (-115.9809 35.76538)"
"flexuosus",-116.714152,37.039137,"POINT (-116.7142 37.03914)"
"flexuosus",-115.484935,36.161082,"POINT (-115.4849 36.16108)"
"flexuosus",-112.092164,36.076758,"POINT (-112.0922 36.07676)"
"flexuosus",-115.44513,35.989605,"POINT (-115.4451 35.9896)"
"flexuosus",-115.504163,36.173673,"POINT (-115.5042 36.17367)"
"flexuosus",-108.168288,36.807995,"POINT (-108.1683 36.808)"
"flexuosus",-109.068937,37.37937,"POINT (-109.0689 37.37937)"
"flexuosus",-111.720772,34.648072,"POINT (-111.7208 34.64807)"
"flexuosus",-115.558475,36.058931,"POINT (-115.5585 36.05893)"
"flexuosus",-115.85217,35.728548,"POINT (-115.8522 35.72855)"
"flexuosus",-115.986489,35.685526,"POINT (-115.9865 35.68553)"
"flexuosus",-114.01667,37.137033,"POINT (-114.0167 37.13703)"
"flexuosus",-108.168267,36.808717,"POINT (-108.1683 36.80872)"
"flexuosus",-115.86162,35.77697,"POINT (-115.8616 35.77697)"
"flexuosus",-115.813549,35.704596,"POINT (-115.8135 35.7046)"
"flexuosus",-112.088778,36.09006,"POINT (-112.0888 36.09006)"
"flexuosus",-115.885405,35.70977,"POINT (-115.8854 35.70977)"
"flexuosus",-112.429146,34.646398,"POINT (-112.4291 34.6464)"
"flexuosus",-113.260375,37.158553,"POINT (-113.2604 37.15855)"
"flexuosus",-113.622871,36.990039,"POINT (-113.6229 36.99004)"
"flexuosus",-115.507095,36.165028,"POINT (-115.5071 36.16503)"
"flexuosus",-113.148217,37.11765,"POINT (-113.1482 37.11765)"
"flexuosus",-115.86356,35.771114,"POINT (-115.8636 35.77111)"
"flexuosus",-111.893308,34.832095,"POINT (-111.8933 34.8321)"
"flexuosus",-116.696033,37.067322,"POINT (-116.696 37.06732)"
"flexuosus",-115.823006,35.642188,"POINT (-115.823 35.64219)"
"flexuosus",-111.778723,34.876828,"POINT (-111.7787 34.87683)"
"flexuosus",-113.464212,37.659297,"POINT (-113.4642 37.6593)"
"flexuosus",-113.563217,37.300854,"POINT (-113.5632 37.30085)"
"flexuosus",-115.423828,36.109811,"POINT (-115.4238 36.10981)"
"flexuosus",-115.457731,36.153083,"POINT (-115.4577 36.15308)"
"flexuosus",-112.976375,37.1995,"POINT (-112.9764 37.1995)"
"flexuosus",-115.429628,36.136239,"POINT (-115.4296 36.13624)"
"flexuosus",-111.930152,34.914157,"POINT (-111.9302 34.91416)"
"flexuosus",-113.636128,34.924233,"POINT (-113.6361 34.92423)"
"flexuosus",-111.712988,34.674582,"POINT (-111.713 34.67458)"
"flexuosus",-111.518073,36.823142,"POINT (-111.5181 36.82314)"
"flexuosus",-115.793843,35.401517,"POINT (-115.7938 35.40152)"
"flexuosus",-113.0315,37.829083,"POINT (-113.0315 37.82908)"
"flexuosus",-110.49568,33.782378,"POINT (-110.4957 33.78238)"
"flexuosus",-113.139714,37.14191,"POINT (-113.1397 37.14191)"
"flexuosus",-111.723103,34.893172,"POINT (-111.7231 34.89317)"
"flexuosus",-111.882338,37.118928,"POINT (-111.8823 37.11893)"
"flexuosus",-115.455377,36.103373,"POINT (-115.4554 36.10337)"
"flexuosus",-111.483087,36.9473,"POINT (-111.4831 36.9473)"
"flexuosus",-112.091264,36.079136,"POINT (-112.0913 36.07914)"
"flexuosus",-113.062585,37.168958,"POINT (-113.0626 37.16896)"
"flexuosus",-111.843397,34.887861,"POINT (-111.8434 34.88786)"
"flexuosus",-114.065928,36.814694,"POINT (-114.0659 36.81469)"
"flexuosus",-115.452043,36.165438,"POINT (-115.452 36.16544)"
"flexuosus",-109.868003,37.195137,"POINT (-109.868 37.19514)"
"flexuosus",-114.06799,35.867052,"POINT (-114.068 35.86705)"
"flexuosus",-115.391883,36.200993,"POINT (-115.3919 36.20099)"
"flexuosus",-109.076335,37.321797,"POINT (-109.0763 37.3218)"
"flexuosus",-111.75833,34.795892,"POINT (-111.7583 34.79589)"
"flexuosus",-111.92062,34.798517,"POINT (-111.9206 34.79852)"
"flexuosus",-113.488546,37.117877,"POINT (-113.4885 37.11788)"
"flexuosus",-113.64017,37.08716,"POINT (-113.6402 37.08716)"
"flexuosus",-111.994419,34.845603,"POINT (-111.9944 34.8456)"
"flexuosus",-108.505656,36.740231,"POINT (-108.5057 36.74023)"
"flexuosus",-116.853495,36.90368,"POINT (-116.8535 36.90368)"
"flexuosus",-108.907453,38.054997,"POINT (-108.9075 38.055)"
"flexuosus",-109.634292,37.524722,"POINT (-109.6343 37.52472)"
"flexuosus",-116.897788,36.820595,"POINT (-116.8978 36.82059)"
"flexuosus",-108.470585,36.81827,"POINT (-108.4706 36.81827)"
"flexuosus",-112.468227,34.885551,"POINT (-112.4682 34.88555)"
"flexuosus",-111.759195,34.50497,"POINT (-111.7592 34.50497)"
"flexuosus",-113.57553,37.12435,"POINT (-113.5755 37.12435)"
"flexuosus",-111.760497,34.885952,"POINT (-111.7605 34.88595)"
"flexuosus",-111.899373,34.813872,"POINT (-111.8994 34.81387)"
"flexuosus",-109.040159,36.860314,"POINT (-109.0402 36.86031)"
"flexuosus",-115.479328,36.125015,"POINT (-115.4793 36.12501)"
"flexuosus",-112.057364,34.321342,"POINT (-112.0574 34.32134)"
"flexuosus",-108.117352,36.856256,"POINT (-108.1174 36.85626)"
"flexuosus",-112.016493,34.765065,"POINT (-112.0165 34.76506)"
"flexuosus",-115.809246,35.719907,"POINT (-115.8092 35.71991)"
"flexuosus",-114.069639,36.678444,"POINT (-114.0696 36.67844)"
"flexuosus",-111.845157,36.045537,"POINT (-111.8452 36.04554)"
"flexuosus",-112.055208,34.719896,"POINT (-112.0552 34.7199)"
"flexuosus",-115.496929,36.156593,"POINT (-115.4969 36.15659)"
"flexuosus",-115.456675,36.103879,"POINT (-115.4567 36.10388)"
"flexuosus",-115.451268,36.165524,"POINT (-115.4513 36.16552)"
"flexuosus",-115.269624,37.377393,"POINT (-115.2696 37.37739)"
"flexuosus",-111.424885,34.094412,"POINT (-111.4249 34.09441)"
"flexuosus",-115.035415,36.712766,"POINT (-115.0354 36.71277)"
"flexuosus",-113.661108,37.047595,"POINT (-113.6611 37.0476)"
"flexuosus",-109.657237,37.262314,"POINT (-109.6572 37.26231)"
"flexuosus",-112.529317,37.000687,"POINT (-112.5293 37.00069)"
"flexuosus",-113.625412,37.069939,"POINT (-113.6254 37.06994)"
"flexuosus",-110.08693,36.961308,"POINT (-110.0869 36.96131)"
"flexuosus",-111.759187,34.504975,"POINT (-111.7592 34.50498)"
"flexuosus",-111.759195,34.504987,"POINT (-111.7592 34.50499)"
"flexuosus",-111.906225,34.739133,"POINT (-111.9062 34.73913)"
"flexuosus",-115.613462,36.377173,"POINT (-115.6135 36.37717)"
"flexuosus",-109.152561,37.265839,"POINT (-109.1526 37.26584)"
"flexuosus",-113.5575,37.128441,"POINT (-113.5575 37.12844)"
"flexuosus",-113.58228,37.12218,"POINT (-113.5823 37.12218)"
"flexuosus",-112.088594,36.088803,"POINT (-112.0886 36.0888)"
"flexuosus",-113.256355,37.19815,"POINT (-113.2564 37.19815)"
"flexuosus",-113.618125,35.447675,"POINT (-113.6181 35.44767)"
"flexuosus",-112.366728,34.811747,"POINT (-112.3667 34.81175)"
"flexuosus",-115.789863,35.399505,"POINT (-115.7899 35.3995)"
"flexuosus",-114.422995,37.823245,"POINT (-114.423 37.82325)"
"flexuosus",-113.447045,37.016778,"POINT (-113.447 37.01678)"
"flexuosus",-111.795483,34.85414,"POINT (-111.7955 34.85414)"
"flexuosus",-112.402873,34.868135,"POINT (-112.4029 34.86814)"
"flexuosus",-115.455275,36.069612,"POINT (-115.4553 36.06961)"
"flexuosus",-112.087119,34.503288,"POINT (-112.0871 34.50329)"
"flexuosus",-115.483978,36.155525,"POINT (-115.484 36.15552)"
"flexuosus",-108.838575,37.010579,"POINT (-108.8386 37.01058)"
"flexuosus",-111.885712,34.89585,"POINT (-111.8857 34.89585)"
"flexuosus",-115.417562,36.051721,"POINT (-115.4176 36.05172)"
"flexuosus",-113.618118,35.447727,"POINT (-113.6181 35.44773)"
"flexuosus",-115.809493,35.719666,"POINT (-115.8095 35.71967)"
"flexuosus",-112.087136,34.503603,"POINT (-112.0871 34.5036)"
"flexuosus",-116.633492,36.842709,"POINT (-116.6335 36.84271)"
"flexuosus",-113.255008,37.224989,"POINT (-113.255 37.22499)"
"flexuosus",-112.97593,37.198703,"POINT (-112.9759 37.1987)"
"flexuosus",-112.091225,36.079186,"POINT (-112.0912 36.07919)"
"flexuosus",-115.790413,35.399301,"POINT (-115.7904 35.3993)"
"flexuosus",-113.254761,37.225067,"POINT (-113.2548 37.22507)"
"flexuosus",-111.913798,34.783675,"POINT (-111.9138 34.78368)"
"flexuosus",-115.789798,35.399287,"POINT (-115.7898 35.39929)"
"flexuosus",-111.908967,34.792195,"POINT (-111.909 34.7922)"
"flexuosus",-115.451965,36.163333,"POINT (-115.452 36.16333)"
"flexuosus",-111.692182,34.769538,"POINT (-111.6922 34.76954)"
"flexuosus",-115.859138,35.780217,"POINT (-115.8591 35.78022)"
"flexuosus",-111.748405,34.865883,"POINT (-111.7484 34.86588)"
"flexuosus",-113.985278,37.111944,"POINT (-113.9853 37.11194)"
"flexuosus",-111.618004,34.634276,"POINT (-111.618 34.63428)"
"flexuosus",-114.094418,36.517103,"POINT (-114.0944 36.5171)"
"flexuosus",-113.497895,37.155042,"POINT (-113.4979 37.15504)"
"flexuosus",-115.473875,36.128551,"POINT (-115.4739 36.12855)"
"flexuosus",-115.516442,35.88233,"POINT (-115.5164 35.88233)"
"flexuosus",-114.548789,36.414517,"POINT (-114.5488 36.41452)"
"flexuosus",-112.071305,34.862605,"POINT (-112.0713 34.8626)"
"flexuosus",-115.442958,36.163595,"POINT (-115.443 36.1636)"
"flexuosus",-113.647653,37.171558,"POINT (-113.6477 37.17156)"
"flexuosus",-112.015747,34.758378,"POINT (-112.0157 34.75838)"
"flexuosus",-111.65107,36.663433,"POINT (-111.6511 36.66343)"
"flexuosus",-115.424337,36.132606,"POINT (-115.4243 36.13261)"
"flexuosus",-111.370103,34.036731,"POINT (-111.3701 34.03673)"
"flexuosus",-111.903967,34.813727,"POINT (-111.904 34.81373)"
"flexuosus",-113.645722,37.206512,"POINT (-113.6457 37.20651)"
"flexuosus",-111.905962,34.82151,"POINT (-111.906 34.82151)"
"flexuosus",-113.640013,34.926788,"POINT (-113.64 34.92679)"
"flexuosus",-115.473584,36.129321,"POINT (-115.4736 36.12932)"
"flexuosus",-112.025925,34.771247,"POINT (-112.0259 34.77125)"
"flexuosus",-115.581766,35.928849,"POINT (-115.5818 35.92885)"
"flexuosus",-111.941586,34.720958,"POINT (-111.9416 34.72096)"
"flexuosus",-111.973965,34.749706,"POINT (-111.974 34.74971)"
"flexuosus",-111.925787,34.775977,"POINT (-111.9258 34.77598)"
"flexuosus",-113.402567,37.049115,"POINT (-113.4026 37.04912)"
"flexuosus",-113.396972,37.210555,"POINT (-113.397 37.21055)"
"flexuosus",-111.422753,34.0923,"POINT (-111.4228 34.0923)"
"flexuosus",-113.401095,37.19157,"POINT (-113.4011 37.19157)"
"flexuosus",-111.905428,34.821338,"POINT (-111.9054 34.82134)"
"flexuosus",-115.427469,36.158985,"POINT (-115.4275 36.15899)"
"flexuosus",-114.140586,36.524505,"POINT (-114.1406 36.5245)"
"flexuosus",-111.35903,34.094158,"POINT (-111.359 34.09416)"
"flexuosus",-111.793832,34.852091,"POINT (-111.7938 34.85209)"
"flexuosus",-111.974095,34.749064,"POINT (-111.9741 34.74906)"
"flexuosus",-110.374825,37.896424,"POINT (-110.3748 37.89642)"
"flexuosus",-113.704475,37.154564,"POINT (-113.7045 37.15456)"
"flexuosus",-113.596435,37.124639,"POINT (-113.5964 37.12464)"
"flexuosus",-111.711435,34.675142,"POINT (-111.7114 34.67514)"
"flexuosus",-112.088792,36.089553,"POINT (-112.0888 36.08955)"
"flexuosus",-115.450522,36.16555,"POINT (-115.4505 36.16555)"
"flexuosus",-111.608021,36.854262,"POINT (-111.608 36.85426)"
"flexuosus",-115.463006,36.102383,"POINT (-115.463 36.10238)"
"flexuosus",-115.462422,36.06843,"POINT (-115.4624 36.06843)"
"flexuosus",-111.853944,34.88681,"POINT (-111.8539 34.88681)"
"flexuosus",-111.760322,34.800436,"POINT (-111.7603 34.80044)"
"flexuosus",-115.464066,36.066807,"POINT (-115.4641 36.06681)"
"flexuosus",-111.380178,33.992644,"POINT (-111.3802 33.99264)"
"flexuosus",-113.790658,36.9492,"POINT (-113.7907 36.9492)"
"flexuosus",-110.896638,33.548287,"POINT (-110.8966 33.54829)"
"flexuosus",-113.653131,36.984347,"POINT (-113.6531 36.98435)"
"flexuosus",-114.256653,36.314962,"POINT (-114.2567 36.31496)"
"flexuosus",-113.585967,37.119992,"POINT (-113.586 37.11999)"
"flexuosus",-111.505046,36.897682,"POINT (-111.505 36.89768)"
"flexuosus",-111.899357,34.74719,"POINT (-111.8994 34.74719)"
"flexuosus",-111.604968,36.856133,"POINT (-111.605 36.85613)"
"flexuosus",-112.124733,36.084758,"POINT (-112.1247 36.08476)"
"flexuosus",-114.525961,36.471987,"POINT (-114.526 36.47199)"
"flexuosus",-114.516874,36.240103,"POINT (-114.5169 36.2401)"
"flexuosus",-114.528288,36.44904,"POINT (-114.5283 36.44904)"
"flexuosus",-111.907987,34.76,"POINT (-111.908 34.76)"
"flexuosus",-110.644859,33.590576,"POINT (-110.6449 33.59058)"
"flexuosus",-114.642931,36.213097,"POINT (-114.6429 36.2131)"
"flexuosus",-111.95677,34.685954,"POINT (-111.9568 34.68595)"
"flexuosus",-113.795529,36.96977,"POINT (-113.7955 36.96977)"
"flexuosus",-114.206352,36.580959,"POINT (-114.2064 36.58096)"
"flexuosus",-112.507112,36.244633,"POINT (-112.5071 36.24463)"
"flexuosus",-114.642927,36.212964,"POINT (-114.6429 36.21296)"
"flexuosus",-114.516353,36.241068,"POINT (-114.5164 36.24107)"
"flexuosus",-112.115687,36.088189,"POINT (-112.1157 36.08819)"
"flexuosus",-112.05291,34.838225,"POINT (-112.0529 34.83823)"
"flexuosus",-116.834179,36.894869,"POINT (-116.8342 36.89487)"
"flexuosus",-114.34169,37.069138,"POINT (-114.3417 37.06914)"
"flexuosus",-111.904183,34.866183,"POINT (-111.9042 34.86618)"
"flexuosus",-112.1578,34.046342,"POINT (-112.1578 34.04634)"
"flexuosus",-111.669233,36.817878,"POINT (-111.6692 36.81788)"
"flexuosus",-115.431036,36.148419,"POINT (-115.431 36.14842)"
"flexuosus",-115.427742,36.146697,"POINT (-115.4277 36.1467)"
"flexuosus",-113.578658,37.13725,"POINT (-113.5787 37.13725)"
"flexuosus",-114.50021,36.283115,"POINT (-114.5002 36.28312)"
"flexuosus",-114.233528,36.335863,"POINT (-114.2335 36.33586)"
"flexuosus",-112.129597,33.966914,"POINT (-112.1296 33.96691)"
"flexuosus",-113.647954,36.969067,"POINT (-113.648 36.96907)"
"flexuosus",-116.21187,36.560825,"POINT (-116.2119 36.56083)"
"flexuosus",-113.7908,36.949356,"POINT (-113.7908 36.94936)"
"flexuosus",-114.206305,36.580692,"POINT (-114.2063 36.58069)"
"flexuosus",-113.998177,36.826691,"POINT (-113.9982 36.82669)"
"flexuosus",-112.143797,34.100894,"POINT (-112.1438 34.10089)"
"flexuosus",-114.244705,36.448238,"POINT (-114.2447 36.44824)"
"flexuosus",-114.227254,36.456541,"POINT (-114.2273 36.45654)"
"flexuosus",-114.187648,36.506704,"POINT (-114.1876 36.5067)"
"flexuosus",-114.525832,36.472007,"POINT (-114.5258 36.47201)"
"flexuosus",-111.730766,34.787605,"POINT (-111.7308 34.7876)"
"flexuosus",-114.526007,36.471957,"POINT (-114.526 36.47196)"
"flexuosus",-114.526111,36.471885,"POINT (-114.5261 36.47189)"
"flexuosus",-114.526041,36.471947,"POINT (-114.526 36.47195)"
"flexuosus",-114.39546,36.019026,"POINT (-114.3955 36.01903)"
"flexuosus",-114.148056,36.428781,"POINT (-114.1481 36.42878)"
"flexuosus",-113.646565,36.970711,"POINT (-113.6466 36.97071)"
"flexuosus",-114.525973,36.472133,"POINT (-114.526 36.47213)"
"flexuosus",-114.200103,36.44527,"POINT (-114.2001 36.44527)"
"flexuosus",-112.084743,34.672095,"POINT (-112.0847 34.6721)"
"flexuosus",-111.681962,34.679855,"POINT (-111.682 34.67986)"
"flexuosus",-110.768578,33.404145,"POINT (-110.7686 33.40414)"
"flexuosus",-114.483367,36.35808,"POINT (-114.4834 36.35808)"
"flexuosus",-114.525959,36.471939,"POINT (-114.526 36.47194)"
"flexuosus",-112.180574,33.891665,"POINT (-112.1806 33.89167)"
"flexuosus",-114.525406,36.472207,"POINT (-114.5254 36.47221)"
"flexuosus",-114.205548,36.579394,"POINT (-114.2055 36.57939)"
"flexuosus",-113.663392,37.120395,"POINT (-113.6634 37.1204)"
"flexuosus",-113.6794,37.121928,"POINT (-113.6794 37.12193)"
"flexuosus",-113.957393,36.85051,"POINT (-113.9574 36.85051)"
"flexuosus",-114.176537,36.825203,"POINT (-114.1765 36.8252)"
"flexuosus",-115.672225,36.050011,"POINT (-115.6722 36.05001)"
"flexuosus",-113.432368,37.162582,"POINT (-113.4324 37.16258)"
"flexuosus",-114.2297731,36.7773247,"POINT (-114.2298 36.77732)"
"flexuosus",-113.4305575,37.1636214,"POINT (-113.4306 37.16362)"
"flexuosus",-115.288194,37.694694,"POINT (-115.2882 37.69469)"
"flexuosus",-114.203967,37.011533,"POINT (-114.204 37.01153)"
"flexuosus",-116.236139,36.110028,"POINT (-116.2361 36.11003)"
"flexuosus",-116.223833,36.097806,"POINT (-116.2238 36.09781)"
"flexuosus",-110.850584,37.616216,"POINT (-110.8506 37.61622)"
"flexuosus",-117.424913,34.32833,"POINT (-117.4249 34.32833)"
"flexuosus",-115.13389,41.13944,"POINT (-115.1339 41.13944)"
"flexuosus",-111.57778,36.86806,"POINT (-111.5778 36.86806)"
"flexuosus",-115.44444,36.29472,"POINT (-115.4444 36.29472)"
"flexuosus",-109.012111,36.978524,"POINT (-109.0121 36.97852)"
"flexuosus",-113.28389,37.296832,"POINT (-113.2839 37.29683)"
"flexuosus",-117.037355,34.352215,"POINT (-117.0374 34.35222)"
"flexuosus",-114.35833,38.84139,"POINT (-114.3583 38.84139)"
"flexuosus",-115.16361,37.248996,"POINT (-115.1636 37.249)"
"flexuosus",-112.25,36,"POINT (-112.25 36)"
"flexuosus",-113.88333,37.05528,"POINT (-113.8833 37.05528)"
"flexuosus",-113.05,37.3,"POINT (-113.05 37.3)"
"flexuosus",-114.56833,36.66528,"POINT (-114.5683 36.66528)"
"flexuosus",-115.54083,36.24306,"POINT (-115.5408 36.24306)"
"flexuosus",-116.98056,36.71722,"POINT (-116.9806 36.71722)"
"flexuosus",-114.257528,37.066611,"POINT (-114.2575 37.06661)"
"flexuosus",-116.6339,36.85,"POINT (-116.6339 36.85)"
"flexuosus",-113.747178,37.353589,"POINT (-113.7472 37.35359)"
"flexuosus",-113.25,36,"POINT (-113.25 36)"
"flexuosus",-114.525977,36.472038,"POINT (-114.526 36.47204)"
"flexuosus",-115.69159,35.711958,"POINT (-115.6916 35.71196)"
"flexuosus",-114.526098,36.47198,"POINT (-114.5261 36.47198)"
"flexuosus",-116.933221,36.790465,"POINT (-116.9332 36.79046)"
"flexuosus",-112.829291,36.58139,"POINT (-112.8293 36.58139)"
"flexuosus",-113.555043,36.742666,"POINT (-113.555 36.74267)"
"flexuosus",-114.186813,36.508162,"POINT (-114.1868 36.50816)"
"flexuosus",-113.232403,36.273837,"POINT (-113.2324 36.27384)"
"flexuosus",-113.776132,37.170843,"POINT (-113.7761 37.17084)"
"flexuosus",-115.438297,36.194427,"POINT (-115.4383 36.19443)"
"flexuosus",-113.776155,37.170833,"POINT (-113.7762 37.17083)"
"flexuosus",-109.8840694,37.2581819,"POINT (-109.8841 37.25818)"
"flexuosus",-115.496751,36.15676,"POINT (-115.4968 36.15676)"
"flexuosus",-114.616272,37.740395,"POINT (-114.6163 37.7404)"
"flexuosus",-115.431687,36.158958,"POINT (-115.4317 36.15896)"
"flexuosus",-113.577702,37.159578,"POINT (-113.5777 37.15958)"
"flexuosus",-115.472518,36.139164,"POINT (-115.4725 36.13916)"
"flexuosus",-113.289259,37.196421,"POINT (-113.2893 37.19642)"
"flexuosus",-112.976804,37.198739,"POINT (-112.9768 37.19874)"
"flexuosus",-111.840067,34.834822,"POINT (-111.8401 34.83482)"
"flexuosus",-111.726886,34.912377,"POINT (-111.7269 34.91238)"
"flexuosus",-115.862583,35.775033,"POINT (-115.8626 35.77503)"
"flexuosus",-109.045602,37.001638,"POINT (-109.0456 37.00164)"
"flexuosus",-109.480386,37.423626,"POINT (-109.4804 37.42363)"
"flexuosus",-116.80538,37.015081,"POINT (-116.8054 37.01508)"
"flexuosus",-111.82969,34.845261,"POINT (-111.8297 34.84526)"
"flexuosus",-111.82969,34.845261,"POINT (-111.8297 34.84526)"
"flexuosus",-111.774957,34.823903,"POINT (-111.775 34.8239)"
"flexuosus",-111.774616,34.856891,"POINT (-111.7746 34.85689)"
"flexuosus",-111.811224,34.87413,"POINT (-111.8112 34.87413)"
"flexuosus",-111.774616,34.856891,"POINT (-111.7746 34.85689)"
"flexuosus",-114.53329,36.48735,"POINT (-114.5333 36.48735)"
"flexuosus",-113.503338,37.1502,"POINT (-113.5033 37.1502)"
"flexuosus",-112.129533,36.0751,"POINT (-112.1295 36.0751)"
"flexuosus",-113.577702,37.159578,"POINT (-113.5777 37.15958)"
"flexuosus",-115.441045,36.138792,"POINT (-115.441 36.13879)"
"flexuosus",-115.427003,36.150876,"POINT (-115.427 36.15088)"
"flexuosus",-113.639154,37.237088,"POINT (-113.6392 37.23709)"
"flexuosus",-114.850838,36.38465,"POINT (-114.8508 36.38465)"
"flexuosus",-113.4925,37.150833,"POINT (-113.4925 37.15083)"
"flexuosus",-113.756577,35.963531,"POINT (-113.7566 35.96353)"
"flexuosus",-111.760274,34.805016,"POINT (-111.7603 34.80502)"
"flexuosus",-109.804218,38.453974,"POINT (-109.8042 38.45397)"
"flexuosus",-113.694125,37.311667,"POINT (-113.6941 37.31167)"
"flexuosus",-113.794558,36.970938,"POINT (-113.7946 36.97094)"
"flexuosus",-112.468753,37.008293,"POINT (-112.4688 37.00829)"
"flexuosus",-111.808313,34.526873,"POINT (-111.8083 34.52687)"
"flexuosus",-109.78204,35.065931,"POINT (-109.782 35.06593)"
"flexuosus",-113.239608,37.216117,"POINT (-113.2396 37.21612)"
"flexuosus",-113.036505,37.17628,"POINT (-113.0365 37.17628)"
"flexuosus",-108.931248,37.931745,"POINT (-108.9312 37.93174)"
"flexuosus",-114.379078,38.813822,"POINT (-114.3791 38.81382)"
"flexuosus",-115.432717,36.135345,"POINT (-115.4327 36.13535)"
"flexuosus",-115.520103,36.145936,"POINT (-115.5201 36.14594)"
"flexuosus",-112.035419,36.999922,"POINT (-112.0354 36.99992)"
"flexuosus",-113.660478,37.162056,"POINT (-113.6605 37.16206)"
"flexuosus",-115.473717,36.128305,"POINT (-115.4737 36.1283)"
"flexuosus",-116.802688,37.015433,"POINT (-116.8027 37.01543)"
"flexuosus",-111.63685,34.53353,"POINT (-111.6368 34.53353)"
"flexuosus",-113.183953,37.788058,"POINT (-113.184 37.78806)"
"flexuosus",-113.100422,37.274061,"POINT (-113.1004 37.27406)"
"flexuosus",-112.0252,37.019375,"POINT (-112.0252 37.01937)"
"flexuosus",-113.225844,37.457353,"POINT (-113.2258 37.45735)"
"flexuosus",-113.182022,37.78905,"POINT (-113.182 37.78905)"
"flexuosus",-113.674208,37.119458,"POINT (-113.6742 37.11946)"
"flexuosus",-113.221183,37.48365,"POINT (-113.2212 37.48365)"
"flexuosus",-113.22918,37.454088,"POINT (-113.2292 37.45409)"
"flexuosus",-113.225844,37.457353,"POINT (-113.2258 37.45735)"
"flexuosus",-113.845989,37.539383,"POINT (-113.846 37.53938)"
"flexuosus",-113.589759,39.082152,"POINT (-113.5898 39.08215)"
"flexuosus",-113.069611,37.137425,"POINT (-113.0696 37.13743)"
"flexuosus",-109.9,37.13,"POINT (-109.9 37.13)"
"flexuosus",-108.8,38.07,"POINT (-108.8 38.07)"
"flexuosus",-109.04,37,"POINT (-109.04 37)"
"flexuosus",-108.64,37.04,"POINT (-108.64 37.04)"
"flexuosus",-114.006303,36.676022,"POINT (-114.0063 36.67602)"
"flexuosus",-112.021751,37.045639,"POINT (-112.0218 37.04564)"
"flexuosus",-114.014594,36.696408,"POINT (-114.0146 36.69641)"
"flexuosus",-111.135687,34.245425,"POINT (-111.1357 34.24542)"
"flexuosus",-114.007111,36.674708,"POINT (-114.0071 36.67471)"
"flexuosus",-111.374673,34.040213,"POINT (-111.3747 34.04021)"
"flexuosus",-114.41475,37.826196,"POINT (-114.4147 37.8262)"
"flexuosus",-117.243781,37.697854,"POINT (-117.2438 37.69785)"
"flexuosus",-109.919786,37.165872,"POINT (-109.9198 37.16587)"
"flexuosus",-109.084389,37.263398,"POINT (-109.0844 37.2634)"
"flexuosus",-109.176538,37.207639,"POINT (-109.1765 37.20764)"
"flexuosus",-115.931503,35.779163,"POINT (-115.9315 35.77916)"
"flexuosus",-111.848862,34.910561,"POINT (-111.8489 34.91056)"
"flexuosus",-112.978522,37.208437,"POINT (-112.9785 37.20844)"
"flexuosus",-115.559914,36.081267,"POINT (-115.5599 36.08127)"
"flexuosus",-113.256126,37.1675,"POINT (-113.2561 37.1675)"
"flexuosus",-109.616166,37.262094,"POINT (-109.6162 37.26209)"
"flexuosus",-112.090705,36.080261,"POINT (-112.0907 36.08026)"
"flexuosus",-115.494385,36.15897,"POINT (-115.4944 36.15897)"
"flexuosus",-112.508483,37.012281,"POINT (-112.5085 37.01228)"
"flexuosus",-115.576531,36.108739,"POINT (-115.5765 36.10874)"
"flexuosus",-113.286461,37.320365,"POINT (-113.2865 37.32037)"
"flexuosus",-112.022305,37.043554,"POINT (-112.0223 37.04355)"
"flexuosus",-112.976315,37.215088,"POINT (-112.9763 37.21509)"
"flexuosus",-111.75528,34.828397,"POINT (-111.7553 34.8284)"
"flexuosus",-113.093636,37.898245,"POINT (-113.0936 37.89825)"
"flexuosus",-108.888458,37.377995,"POINT (-108.8885 37.378)"
"flexuosus",-113.429593,37.254898,"POINT (-113.4296 37.2549)"
"flexuosus",-115.520464,36.021444,"POINT (-115.5205 36.02144)"
"flexuosus",-113.628364,37.2455,"POINT (-113.6284 37.2455)"
"flexuosus",-115.499437,36.01581,"POINT (-115.4994 36.01581)"
"flexuosus",-115.562813,36.191358,"POINT (-115.5628 36.19136)"
"flexuosus",-113.558746,37.233366,"POINT (-113.5587 37.23337)"
"flexuosus",-113.378753,37.242808,"POINT (-113.3788 37.24281)"
"flexuosus",-113.526656,37.037517,"POINT (-113.5267 37.03752)"
"flexuosus",-113.380937,37.246672,"POINT (-113.3809 37.24667)"
"flexuosus",-115.425069,36.155143,"POINT (-115.4251 36.15514)"
"flexuosus",-113.271438,37.191812,"POINT (-113.2714 37.19181)"
"flexuosus",-113.703891,37.162552,"POINT (-113.7039 37.16255)"
"flexuosus",-113.626472,37.015289,"POINT (-113.6265 37.01529)"
"flexuosus",-113.400308,37.206915,"POINT (-113.4003 37.20692)"
"flexuosus",-115.470135,36.063663,"POINT (-115.4701 36.06366)"
"flexuosus",-111.697739,34.679317,"POINT (-111.6977 34.67932)"
"flexuosus",-113.378875,37.244045,"POINT (-113.3789 37.24404)"
"flexuosus",-113.785345,36.535083,"POINT (-113.7853 36.53508)"
"flexuosus",-115.468187,36.096053,"POINT (-115.4682 36.09605)"
"flexuosus",-111.700261,34.835736,"POINT (-111.7003 34.83574)"
"flexuosus",-111.811158,34.874142,"POINT (-111.8112 34.87414)"
"flexuosus",-115.461467,36.069259,"POINT (-115.4615 36.06926)"
"flexuosus",-115.461445,36.069288,"POINT (-115.4614 36.06929)"
"flexuosus",-113.738372,37.279413,"POINT (-113.7384 37.27941)"
"flexuosus",-113.281845,37.31335,"POINT (-113.2818 37.31335)"
"flexuosus",-111.329842,34.016725,"POINT (-111.3298 34.01673)"
"flexuosus",-111.74263,34.80213,"POINT (-111.7426 34.80213)"
"flexuosus",-112.11715,36.087689,"POINT (-112.1171 36.08769)"
"flexuosus",-115.453028,36.070422,"POINT (-115.453 36.07042)"
"flexuosus",-112.315721,34.610024,"POINT (-112.3157 34.61002)"
"flexuosus",-113.687689,37.140238,"POINT (-113.6877 37.14024)"
"flexuosus",-115.455144,36.069642,"POINT (-115.4551 36.06964)"
"flexuosus",-112.063887,36.144218,"POINT (-112.0639 36.14422)"
"flexuosus",-108.45415,32.778072,"POINT (-108.4541 32.77807)"
"flexuosus",-111.134289,33.667585,"POINT (-111.1343 33.66759)"
"flexuosus",-112.986138,37.195644,"POINT (-112.9861 37.19564)"
"flexuosus",-112.48407,36.379055,"POINT (-112.4841 36.37906)"
"flexuosus",-110.768391,33.402914,"POINT (-110.7684 33.40291)"
"flexuosus",-115.434366,36.13887,"POINT (-115.4344 36.13887)"
"flexuosus",-115.448958,36.015168,"POINT (-115.449 36.01517)"
"flexuosus",-112.17208,36.094956,"POINT (-112.1721 36.09496)"
"flexuosus",-111.346497,33.872597,"POINT (-111.3465 33.8726)"
"flexuosus",-113.23012,36.242248,"POINT (-113.2301 36.24225)"
"flexuosus",-113.337255,37.224075,"POINT (-113.3373 37.22407)"
"flexuosus",-112.107543,36.110392,"POINT (-112.1075 36.11039)"
"flexuosus",-115.453052,36.0114,"POINT (-115.4531 36.0114)"
"flexuosus",-113.134819,34.383925,"POINT (-113.1348 34.38392)"
"flexuosus",-111.76099,34.86974,"POINT (-111.761 34.86974)"
"flexuosus",-115.455247,36.069558,"POINT (-115.4552 36.06956)"
"flexuosus",-111.456642,33.853148,"POINT (-111.4566 33.85315)"
"flexuosus",-112.976517,37.199447,"POINT (-112.9765 37.19945)"
"flexuosus",-111.40971,34.09351,"POINT (-111.4097 34.09351)"
"flexuosus",-112.740263,36.8642,"POINT (-112.7403 36.8642)"
"flexuosus",-112.109346,36.11792,"POINT (-112.1093 36.11792)"
"flexuosus",-112.040894,34.667125,"POINT (-112.0409 34.66712)"
"flexuosus",-111.124992,33.547333,"POINT (-111.125 33.54733)"
"flexuosus",-111.266005,33.721529,"POINT (-111.266 33.72153)"
"flexuosus",-113.679448,37.121924,"POINT (-113.6794 37.12192)"
"flexuosus",-112.119172,36.090429,"POINT (-112.1192 36.09043)"
"flexuosus",-111.38,37.12,"POINT (-111.38 37.12)"
"flexuosus",-115.480521,36.124582,"POINT (-115.4805 36.12458)"
"flexuosus",-115.479819,36.124324,"POINT (-115.4798 36.12432)"
"flexuosus",-115.479819,36.124324,"POINT (-115.4798 36.12432)"
"flexuosus",-115.479819,36.124324,"POINT (-115.4798 36.12432)"
"flexuosus",-115.479819,36.124324,"POINT (-115.4798 36.12432)"
"flexuosus",-115.479819,36.124324,"POINT (-115.4798 36.12432)"
"flexuosus",-114.178667,36.840742,"POINT (-114.1787 36.84074)"
"flexuosus",-114.178667,36.840742,"POINT (-114.1787 36.84074)"
"flexuosus",-114.178667,36.840742,"POINT (-114.1787 36.84074)"
"flexuosus",-114.178667,36.840742,"POINT (-114.1787 36.84074)"
"flexuosus",-114.178667,36.840742,"POINT (-114.1787 36.84074)"
"flexuosus",-113.62779,37.01765,"POINT (-113.6278 37.01765)"
"flexuosus",-113.57985,37.11953,"POINT (-113.5798 37.11953)"
"flexuosus",-113.122421,37.642749,"POINT (-113.1224 37.64275)"
"flexuosus",-116.933088,36.788423,"POINT (-116.9331 36.78842)"
"flexuosus",-109.491934,37.541245,"POINT (-109.4919 37.54125)"
"flexuosus",-115.385972,36.11805,"POINT (-115.386 36.11805)"
"flexuosus",-115.385842,36.117931,"POINT (-115.3858 36.11793)"
"flexuosus",-113.125533,35.702334,"POINT (-113.1255 35.70233)"
"flexuosus",-115.477184,36.264517,"POINT (-115.4772 36.26452)"
"flexuosus",-114.3935,36.749,"POINT (-114.3935 36.749)"
"flexuosus",-116.5305786,31.6600498,"POINT (-116.5306 31.66005)"
"flexuosus",-108.18754,36.765062,"POINT (-108.1875 36.76506)"
"flexuosus",-111.783137,36.711972,"POINT (-111.7831 36.71197)"
"flexuosus",-112.269328,33.882386,"POINT (-112.2693 33.88239)"
"flexuosus",-111.786957,34.642641,"POINT (-111.787 34.64264)"
"flexuosus",-108.439462,36.847187,"POINT (-108.4395 36.84719)"
"flexuosus",-115.424172,36.160472,"POINT (-115.4242 36.16047)"
"flexuosus",-114.203967,37.011533,"POINT (-114.204 37.01153)"
"flexuosus",-111.796443,34.878589,"POINT (-111.7964 34.87859)"
"flexuosus",-115.909169,35.76277,"POINT (-115.9092 35.76277)"
"flexuosus",-113.237708,37.408838,"POINT (-113.2377 37.40884)"
"flexuosus",-111.79778,34.88028,"POINT (-111.7978 34.88028)"
"flexuosus",-116.228969,36.092139,"POINT (-116.229 36.09214)"
"flexuosus",-111.862856,34.943454,"POINT (-111.8629 34.94345)"
"flexuosus",-111.748908,34.661487,"POINT (-111.7489 34.66149)"
"flexuosus",-111.897991,34.854535,"POINT (-111.898 34.85453)"
"flexuosus",-116.14166,36.15646,"POINT (-116.1417 36.15646)"
"flexuosus",-116.222311,36.104449,"POINT (-116.2223 36.10445)"
"flexuosus",-114.339812,36.870845,"POINT (-114.3398 36.87085)"
"flexuosus",-109.23027,37.54803,"POINT (-109.2303 37.54803)"
"flexuosus",-114.339832,36.870815,"POINT (-114.3398 36.87082)"
"flexuosus",-115.095863,37.949364,"POINT (-115.0959 37.94936)"
"flexuosus",-112.921264,37.912649,"POINT (-112.9213 37.91265)"
"flexuosus",-111.830947,34.85662,"POINT (-111.8309 34.85662)"
"flexuosus",-112.187588,34.836623,"POINT (-112.1876 34.83662)"
"flexuosus",-114.613275,37.756912,"POINT (-114.6133 37.75691)"
"flexuosus",-114.332317,36.859036,"POINT (-114.3323 36.85904)"
"flexuosus",-111.79107,34.819817,"POINT (-111.7911 34.81982)"
"flexuosus",-114.517975,37.913145,"POINT (-114.518 37.91315)"
"flexuosus",-114.334768,36.859721,"POINT (-114.3348 36.85972)"
"flexuosus",-112.046761,36.994388,"POINT (-112.0468 36.99439)"
"flexuosus",-111.769997,34.799999,"POINT (-111.77 34.8)"
"flexuosus",-111.784836,34.792412,"POINT (-111.7848 34.79241)"
"flexuosus",-111.75525,34.828442,"POINT (-111.7553 34.82844)"
"flexuosus",-111.720955,34.69858,"POINT (-111.721 34.69858)"
"flexuosus",-112.098852,34.752188,"POINT (-112.0989 34.75219)"
"flexuosus",-111.685554,34.686912,"POINT (-111.6856 34.68691)"
"flexuosus",-111.858751,34.885854,"POINT (-111.8588 34.88585)"
"flexuosus",-111.848397,34.91088,"POINT (-111.8484 34.91088)"
"flexuosus",-109.937536,37.172345,"POINT (-109.9375 37.17234)"
"flexuosus",-114.285413,36.963871,"POINT (-114.2854 36.96387)"
"flexuosus",-111.713062,34.538093,"POINT (-111.7131 34.53809)"
"flexuosus",-111.660103,34.67365,"POINT (-111.6601 34.67365)"
"flexuosus",-114.280562,36.955044,"POINT (-114.2806 36.95504)"
"flexuosus",-111.3941,35.70125,"POINT (-111.3941 35.70125)"
"flexuosus",-110.331483,35.150983,"POINT (-110.3315 35.15098)"
"flexuosus",-111.720997,34.661262,"POINT (-111.721 34.66126)"
"flexuosus",-111.745,34.65056,"POINT (-111.745 34.65056)"
"flexuosus",-110.64,32.7225,"POINT (-110.64 32.7225)"
"flexuosus",-111.766412,34.491772,"POINT (-111.7664 34.49177)"
"flexuosus",-110.8309875,37.0595634,"POINT (-110.831 37.05956)"
"flexuosus",-111.95,36.916667,"POINT (-111.95 36.91667)"
"flexuosus",-111.679538,34.536687,"POINT (-111.6795 34.53669)"
"flexuosus",-111.63685,34.53353,"POINT (-111.6368 34.53353)"
"flexuosus",-111.5,34.5,"POINT (-111.5 34.5)"
"flexuosus",-113.93333,34.71667,"POINT (-113.9333 34.71667)"
"flexuosus",-114.03333,34.88333,"POINT (-114.0333 34.88333)"
"flexuosus",-113.99528,36.11278,"POINT (-113.9953 36.11278)"
"flexuosus",-110.78583,33.39417,"POINT (-110.7858 33.39417)"
"flexuosus",-112.441767,36.9965,"POINT (-112.4418 36.9965)"
"flexuosus",-113.3205442,36.118586,"POINT (-113.3205 36.11859)"
"flexuosus",-112.675167,36.832,"POINT (-112.6752 36.832)"
"flexuosus",-112.9115,36.555333,"POINT (-112.9115 36.55533)"
"flexuosus",-111.813889,34.821389,"POINT (-111.8139 34.82139)"
"flexuosus",-111.9125,34.55,"POINT (-111.9125 34.55)"
"flexuosus",-111.9075,34.830194,"POINT (-111.9075 34.83019)"
"flexuosus",-111.911611,34.919917,"POINT (-111.9116 34.91992)"
"flexuosus",-111.785312,36.201997,"POINT (-111.7853 36.202)"
"flexuosus",-111.8289,36.49083,"POINT (-111.8289 36.49083)"
"flexuosus",-111.753712,34.499919,"POINT (-111.7537 34.49992)"
"flexuosus",-115.288194,37.694694,"POINT (-115.2882 37.69469)"
"flexuosus",-110.792336,37.316686,"POINT (-110.7923 37.31669)"
"flexuosus",-110.857339,37.04745,"POINT (-110.8573 37.04745)"
"flexuosus",-113.757924,38.711036,"POINT (-113.7579 38.71104)"
"flexuosus",-110.857339,37.04745,"POINT (-110.8573 37.04745)"
"flexuosus",-108.668925,36.785553,"POINT (-108.6689 36.78555)"
"flexuosus",-111.833333,36.266667,"POINT (-111.8333 36.26667)"
"flexuosus",-112.13889,36.05556,"POINT (-112.1389 36.05556)"
"flexuosus",-112.67681,36.053237,"POINT (-112.6768 36.05324)"
"flexuosus",-110.736755,31.853913,"POINT (-110.7368 31.85391)"
"flexuosus",-111.75167,34.64917,"POINT (-111.7517 34.64917)"
"flexuosus",-111.76028,34.86972,"POINT (-111.7603 34.86972)"
"flexuosus",-111.76028,34.86972,"POINT (-111.7603 34.86972)"
"flexuosus",-111.854796,34.573871,"POINT (-111.8548 34.57387)"
"flexuosus",-111.854796,34.573871,"POINT (-111.8548 34.57387)"
"flexuosus",-111.76028,34.86972,"POINT (-111.7603 34.86972)"
"flexuosus",-111.99583,34.72139,"POINT (-111.9958 34.72139)"
"flexuosus",-111.76028,34.681135,"POINT (-111.7603 34.68113)"
"flexuosus",-111.75167,34.692691,"POINT (-111.7517 34.69269)"
"flexuosus",-111.76028,34.840707,"POINT (-111.7603 34.84071)"
"flexuosus",-111.86056,34.8975,"POINT (-111.8606 34.8975)"
"flexuosus",-111.9124,34.7537,"POINT (-111.9124 34.7537)"
"flexuosus",-111.854796,34.573871,"POINT (-111.8548 34.57387)"
"flexuosus",-111.86056,34.8975,"POINT (-111.8606 34.8975)"
"flexuosus",-111.76028,34.797187,"POINT (-111.7603 34.79719)"
"flexuosus",-111.89278,34.7675,"POINT (-111.8928 34.7675)"
"flexuosus",-111.76028,34.86972,"POINT (-111.7603 34.86972)"
"flexuosus",-111.58936,34.563325,"POINT (-111.5894 34.56332)"
"flexuosus",-112.183682,34.74887,"POINT (-112.1837 34.74887)"
"flexuosus",-111.76028,34.797187,"POINT (-111.7603 34.79719)"
"flexuosus",-111.972821,34.695155,"POINT (-111.9728 34.69515)"
"flexuosus",-111.7775,34.843611,"POINT (-111.7775 34.84361)"
"flexuosus",-111.86056,34.8975,"POINT (-111.8606 34.8975)"
"flexuosus",-111.745,34.65056,"POINT (-111.745 34.65056)"
"flexuosus",-111.731014,34.88661,"POINT (-111.731 34.88661)"
"flexuosus",-111.76028,34.91324,"POINT (-111.7603 34.91324)"
"flexuosus",-111.76028,34.840707,"POINT (-111.7603 34.84071)"
"flexuosus",-111.76028,34.840707,"POINT (-111.7603 34.84071)"
"flexuosus",-112.05722,34.77111,"POINT (-112.0572 34.77111)"
"flexuosus",-111.787846,34.825037,"POINT (-111.7878 34.82504)"
"flexuosus",-111.76028,34.855213,"POINT (-111.7603 34.85521)"
"flexuosus",-112.420833,35.095278,"POINT (-112.4208 35.09528)"
"flexuosus",-111.339928,33.589246,"POINT (-111.3399 33.58925)"
"flexuosus",-111.726886,34.912377,"POINT (-111.7269 34.91238)"
"flexuosus",-111.726886,34.912377,"POINT (-111.7269 34.91238)"
"flexuosus",-112.316667,34.983333,"POINT (-112.3167 34.98333)"
"flexuosus",-111.35005,36.880867,"POINT (-111.35 36.88087)"
"flexuosus",-111.76028,34.86972,"POINT (-111.7603 34.86972)"
"flexuosus",-111.391,36.904,"POINT (-111.391 36.904)"
"flexuosus",-111.739687,34.929207,"POINT (-111.7397 34.92921)"
"flexuosus",-111.391,36.904,"POINT (-111.391 36.904)"
"flexuosus",-111.759818,34.868175,"POINT (-111.7598 34.86818)"
"flexuosus",-111.76028,34.753668,"POINT (-111.7603 34.75367)"
"flexuosus",-111.6638,34.7543,"POINT (-111.6638 34.7543)"
"flexuosus",-111.86561,36.25035,"POINT (-111.8656 36.25035)"
"flexuosus",-111.11389,33.64778,"POINT (-111.1139 33.64778)"
"flexuosus",-113.99528,36.11278,"POINT (-113.9953 36.11278)"
"flexuosus",-112.185254,36.186545,"POINT (-112.1853 36.18655)"
"flexuosus",-112.085512,34.907655,"POINT (-112.0855 34.90765)"
"flexuosus",-113.606571,35.456927,"POINT (-113.6066 35.45693)"
"flexuosus",-113.79375,36.971722,"POINT (-113.7938 36.97172)"
"flexuosus",-111.833333,34.833333,"POINT (-111.8333 34.83333)"
"flexuosus",-112.0314,36.9683,"POINT (-112.0314 36.9683)"
"flexuosus",-116.078964,36.308613,"POINT (-116.079 36.30861)"
"flexuosus",-113.390587,37.145164,"POINT (-113.3906 37.14516)"
"flexuosus",-114.651947,38.534972,"POINT (-114.6519 38.53497)"
"flexuosus",-115.162575,35.756972,"POINT (-115.1626 35.75697)"
"flexuosus",-111.394348,34.13443,"POINT (-111.3943 34.13443)"
"flexuosus",-114.638153,38.437759,"POINT (-114.6382 38.43776)"
"flexuosus",-115.573303,36.114842,"POINT (-115.5733 36.11484)"
"flexuosus",-114.197748,36.239962,"POINT (-114.1977 36.23996)"
"flexuosus",-112.97573,37.202009,"POINT (-112.9757 37.20201)"
"flexuosus",-115.573712,36.094753,"POINT (-115.5737 36.09475)"
"flexuosus",-115.8956029,35.776937,"POINT (-115.8956 35.77694)"
"flexuosus",-113.4255,35.52916,"POINT (-113.4255 35.52916)"
"flexuosus",-116.9326383,36.7779059,"POINT (-116.9326 36.77791)"
"flexuosus",-115.9083,35.7627,"POINT (-115.9083 35.7627)"
"flexuosus",-111.97763,36.023373,"POINT (-111.9776 36.02337)"
"flexuosus",-111.804322,34.823008,"POINT (-111.8043 34.82301)"
"flexuosus",-115.42989,36.152174,"POINT (-115.4299 36.15217)"
"flexuosus",-113.646209,37.205517,"POINT (-113.6462 37.20552)"
"flexuosus",-115.431803,35.633858,"POINT (-115.4318 35.63386)"
"flexuosus",-109.594562,37.574896,"POINT (-109.5946 37.5749)"
"flexuosus",-111.114165,33.644564,"POINT (-111.1142 33.64456)"
"flexuosus",-111.777842,34.855221,"POINT (-111.7778 34.85522)"
"flexuosus",-111.984449,36.041642,"POINT (-111.9844 36.04164)"
"flexuosus",-115.429917,35.628967,"POINT (-115.4299 35.62897)"
"flexuosus",-115.448827,36.12238,"POINT (-115.4488 36.12238)"
"flexuosus",-115.463097,36.154762,"POINT (-115.4631 36.15476)"
"flexuosus",-115.439284,36.150262,"POINT (-115.4393 36.15026)"
"flexuosus",-116.93307,36.789014,"POINT (-116.9331 36.78901)"
"flexuosus",-117.13529,36.82337,"POINT (-117.1353 36.82337)"
"flexuosus",-117.000617,36.82663,"POINT (-117.0006 36.82663)"
"flexuosus",-111.903276,34.901749,"POINT (-111.9033 34.90175)"
"flexuosus",-113.555556,37.418611,"POINT (-113.5556 37.41861)"
"flexuosus",-113.58538,37.120389,"POINT (-113.5854 37.12039)"
"flexuosus",-111.809412,34.863842,"POINT (-111.8094 34.86384)"
"flexuosus",-111.737525,34.803783,"POINT (-111.7375 34.80378)"
"flexuosus",-114.860078,36.000058,"POINT (-114.8601 36.00006)"
"flexuosus",-108.568703,38.218324,"POINT (-108.5687 38.21832)"
"flexuosus",-108.568703,38.218324,"POINT (-108.5687 38.21832)"
"flexuosus",-115.47552,36.166439,"POINT (-115.4755 36.16644)"
"flexuosus",-114.446687,36.94225,"POINT (-114.4467 36.94225)"
"flexuosus",-115.877747,36.257401,"POINT (-115.8777 36.2574)"
"flexuosus",-114.507682,36.437203,"POINT (-114.5077 36.4372)"
"flexuosus",-112.124222,34.479333,"POINT (-112.1242 34.47933)"
"flexuosus",-113.68042,37.137642,"POINT (-113.6804 37.13764)"
"flexuosus",-111.901628,34.899635,"POINT (-111.9016 34.89964)"
"flexuosus",-113.646149,37.205483,"POINT (-113.6461 37.20548)"
"flexuosus",-111.827985,34.828777,"POINT (-111.828 34.82878)"
"flexuosus",-113.100812,37.277853,"POINT (-113.1008 37.27785)"
"flexuosus",-111.842688,34.85537,"POINT (-111.8427 34.85537)"
"flexuosus",-111.81913,34.832888,"POINT (-111.8191 34.83289)"
"flexuosus",-111.809403,34.863852,"POINT (-111.8094 34.86385)"
"flexuosus",-113.645767,37.223468,"POINT (-113.6458 37.22347)"
"flexuosus",-112.009536,34.723245,"POINT (-112.0095 34.72324)"
"flexuosus",-111.63705,34.896843,"POINT (-111.637 34.89684)"
"flexuosus",-113.633408,37.214478,"POINT (-113.6334 37.21448)"
"flexuosus",-111.833041,34.827298,"POINT (-111.833 34.8273)"
"flexuosus",-111.933808,36.01809,"POINT (-111.9338 36.01809)"
"flexuosus",-114.199897,36.445592,"POINT (-114.1999 36.44559)"
"flexuosus",-112.571601,37.019605,"POINT (-112.5716 37.0196)"
"flexuosus",-112.569168,37.020512,"POINT (-112.5692 37.02051)"
"flexuosus",-111.96867,37.137035,"POINT (-111.9687 37.13703)"
"flexuosus",-114.417064,37.834875,"POINT (-114.4171 37.83487)"
"flexuosus",-111.914725,34.763767,"POINT (-111.9147 34.76377)"
"flexuosus",-114.415455,37.824149,"POINT (-114.4155 37.82415)"
"flexuosus",-115.933333,30.516667,"POINT (-115.9333 30.51667)"
"flexuosus",-111.338395,34.218484,"POINT (-111.3384 34.21848)"
"flexuosus",-113.94381,37.303663,"POINT (-113.9438 37.30366)"
"flexuosus",-112.005946,37.003969,"POINT (-112.0059 37.00397)"
"flexuosus",-114.652772,35.814381,"POINT (-114.6528 35.81438)"
"flexuosus",-115.45648,36.086792,"POINT (-115.4565 36.08679)"
"flexuosus",-115.557367,36.080047,"POINT (-115.5574 36.08005)"
"flexuosus",-114.01755,37.160019,"POINT (-114.0175 37.16002)"
"flexuosus",-115.549095,36.085681,"POINT (-115.5491 36.08568)"
"flexuosus",-115.558992,36.081642,"POINT (-115.559 36.08164)"
"flexuosus",-115.447542,35.996613,"POINT (-115.4475 35.99661)"
"flexuosus",-114.072219,36.668613,"POINT (-114.0722 36.66861)"
"flexuosus",-111.743545,34.592808,"POINT (-111.7435 34.59281)"
"flexuosus",-113.458067,34.562483,"POINT (-113.4581 34.56248)"
"flexuosus",-114.140802,36.524478,"POINT (-114.1408 36.52448)"
"flexuosus",-114.194372,36.499926,"POINT (-114.1944 36.49993)"
"flexuosus",-112.023377,34.388058,"POINT (-112.0234 34.38806)"
"flexuosus",-111.70713,34.676517,"POINT (-111.7071 34.67652)"
"flexuosus",-115.476417,35.664533,"POINT (-115.4764 35.66453)"
"flexuosus",-116.14166,36.15646,"POINT (-116.1417 36.15646)"
"flexuosus",-116.17064,36.17386,"POINT (-116.1706 36.17386)"
"flexuosus",-116.01707,35.99211,"POINT (-116.0171 35.99211)"
"flexuosus",-115.697917,35.707383,"POINT (-115.6979 35.70738)"
"flexuosus",-114.652742,35.8144,"POINT (-114.6527 35.8144)"
"flexuosus",-114.652742,35.8144,"POINT (-114.6527 35.8144)"
"flexuosus",-112.080875,34.432565,"POINT (-112.0809 34.43256)"
"flexuosus",-114.663475,35.804358,"POINT (-114.6635 35.80436)"
"flexuosus",-114.921173,36.626905,"POINT (-114.9212 36.6269)"
"flexuosus",-114.662492,35.807289,"POINT (-114.6625 35.80729)"
"flexuosus",-115.405042,36.054674,"POINT (-115.405 36.05467)"
"flexuosus",-114.659508,35.810633,"POINT (-114.6595 35.81063)"
"flexuosus",-111.768256,36.746064,"POINT (-111.7683 36.74606)"
"flexuosus",-114.358555,36.598921,"POINT (-114.3586 36.59892)"
"flexuosus",-114.957683,36.699247,"POINT (-114.9577 36.69925)"
"flexuosus",-114.658464,35.811869,"POINT (-114.6585 35.81187)"
"flexuosus",-114.652764,35.814361,"POINT (-114.6528 35.81436)"
"flexuosus",-114.66455,35.806111,"POINT (-114.6646 35.80611)"
"flexuosus",-111.880215,34.886467,"POINT (-111.8802 34.88647)"
"flexuosus",-114.659508,35.810633,"POINT (-114.6595 35.81063)"
"flexuosus",-114.762087,36.217578,"POINT (-114.7621 36.21758)"
"flexuosus",-109.398767,32.864345,"POINT (-109.3988 32.86435)"
"flexuosus",-109.099783,32.703442,"POINT (-109.0998 32.70344)"
"flexuosus",-114.203857,36.498902,"POINT (-114.2039 36.4989)"
"flexuosus",-114.758256,35.937686,"POINT (-114.7583 35.93769)"
"flexuosus",-110.967458,33.741454,"POINT (-110.9675 33.74145)"
"flexuosus",-113.737731,37.280342,"POINT (-113.7377 37.28034)"
"flexuosus",-114.860932,35.999816,"POINT (-114.8609 35.99982)"
"flexuosus",-114.758225,35.937725,"POINT (-114.7582 35.93773)"
"flexuosus",-114.7585,35.937839,"POINT (-114.7585 35.93784)"
"flexuosus",-114.925556,36.585833,"POINT (-114.9256 36.58583)"
"flexuosus",-109.291603,32.990742,"POINT (-109.2916 32.99074)"
"flexuosus",-109.636271,37.525714,"POINT (-109.6363 37.52571)"
"flexuosus",-112.049026,34.666478,"POINT (-112.049 34.66648)"
"flexuosus",-113.599648,37.097527,"POINT (-113.5996 37.09753)"
"flexuosus",-115.398097,36.043869,"POINT (-115.3981 36.04387)"
"flexuosus",-115.395828,35.038392,"POINT (-115.3958 35.03839)"
"flexuosus",-113.41,37.29,"POINT (-113.41 37.29)"
"flexuosus",-107.0125,38.883333,"POINT (-107.0125 38.88333)"
"flexuosus",-109.03857,37.00935,"POINT (-109.0386 37.00935)"
"flexuosus",-108.56463,38.21883,"POINT (-108.5646 38.21883)"
"flexuosus",-109.0315,37.00373,"POINT (-109.0315 37.00373)"
"flexuosus",-108.56463,38.21883,"POINT (-108.5646 38.21883)"
"flexuosus",-109.877056,35.152288,"POINT (-109.8771 35.15229)"
"flexuosus",-113.294,36.1723,"POINT (-113.294 36.1723)"
"flexuosus",-109.0315,37.00373,"POINT (-109.0315 37.00373)"
"flexuosus",-115.637912,35.584766,"POINT (-115.6379 35.58477)"
"flexuosus",-110.292,37.7628,"POINT (-110.292 37.7628)"
"flexuosus",-109.869,37.1968,"POINT (-109.869 37.1968)"
"flexuosus",-112.090721,36.067904,"POINT (-112.0907 36.0679)"
"flexuosus",-111.510613,34.238725,"POINT (-111.5106 34.23873)"
"flexuosus",-111.280197,34.351605,"POINT (-111.2802 34.3516)"
"flexuosus",-113.6,37.08333,"POINT (-113.6 37.08333)"
"flexuosus",-112.249658,33.917523,"POINT (-112.2497 33.91752)"
"flexuosus",-114.5096,34.12,"POINT (-114.5096 34.12)"
"flexuosus",-117.0892,36.1717,"POINT (-117.0892 36.1717)"
"flexuosus",-115.516667,35.616667,"POINT (-115.5167 35.61667)"
"flexuosus",-115.620483,35.481217,"POINT (-115.6205 35.48122)"
"flexuosus",-115.94344,35.48302,"POINT (-115.9434 35.48302)"
"flexuosus",-114.40995,34.33965,"POINT (-114.41 34.33965)"
"flexuosus",-114.401944,34.313333,"POINT (-114.4019 34.31333)"
"flexuosus",-115.858878,35.773363,"POINT (-115.8589 35.77336)"
"flexuosus",-115.86123,35.47594,"POINT (-115.8612 35.47594)"
"flexuosus",-115.598827,35.562963,"POINT (-115.5988 35.56296)"
"flexuosus",-114.721067,34.327383,"POINT (-114.7211 34.32738)"
"flexuosus",-116.934167,36.788333,"POINT (-116.9342 36.78833)"
"flexuosus",-115.5604,35.5814,"POINT (-115.5604 35.5814)"
"flexuosus",-116.03297,35.950035,"POINT (-116.033 35.95003)"
"flexuosus",-115.91825,35.759295,"POINT (-115.9183 35.7593)"
"flexuosus",-115.88871,35.51136,"POINT (-115.8887 35.51136)"
"flexuosus",-115.6982,35.7069,"POINT (-115.6982 35.7069)"
"flexuosus",-115.645112,35.520164,"POINT (-115.6451 35.52016)"
"flexuosus",-114.401944,34.313333,"POINT (-114.4019 34.31333)"
"flexuosus",-114.425783,34.329683,"POINT (-114.4258 34.32968)"
"flexuosus",-115.519967,35.5954,"POINT (-115.52 35.5954)"
"flexuosus",-115.911667,35.774722,"POINT (-115.9117 35.77472)"
"flexuosus",-114.323611,34.348333,"POINT (-114.3236 34.34833)"
"flexuosus",-114.314444,34.365833,"POINT (-114.3144 34.36583)"
"flexuosus",-114.203967,37.011533,"POINT (-114.204 37.01153)"
"flexuosus",-115.637912,35.584766,"POINT (-115.6379 35.58477)"
"flexuosus",-115.47472,35.65639,"POINT (-115.4747 35.65639)"
"flexuosus",-115.37388,33.47138,"POINT (-115.3739 33.47138)"
"flexuosus",-114.72107,34.32738,"POINT (-114.7211 34.32738)"
"flexuosus",-113.6,37.08333,"POINT (-113.6 37.08333)"
"flexuosus",-114.34444,36.59056,"POINT (-114.3444 36.59056)"
"flexuosus",-115.62713,35.51472,"POINT (-115.6271 35.51472)"
"flexuosus",-115.47607,35.6646,"POINT (-115.4761 35.6646)"
"flexuosus",-115.70135,35.7018,"POINT (-115.7014 35.7018)"
"flexuosus",-114.37694,36.60417,"POINT (-114.3769 36.60417)"
"flexuosus",-113.8,36.95375,"POINT (-113.8 36.95375)"
"flexuosus",-114.31653,38.47617,"POINT (-114.3165 38.47617)"
"flexuosus",-114.85333,38.03528,"POINT (-114.8533 38.03528)"
"flexuosus",-114.72708,38.09333,"POINT (-114.7271 38.09333)"
"flexuosus",-115.59167,35.5475,"POINT (-115.5917 35.5475)"
"flexuosus",-115.44189,35.80181,"POINT (-115.4419 35.80181)"
"flexuosus",-114.84361,36.35389,"POINT (-114.8436 36.35389)"
"flexuosus",-113.87039,37.27931,"POINT (-113.8704 37.27931)"
"flexuosus",-114.31083,36.86361,"POINT (-114.3108 36.86361)"
"flexuosus",-116.96667,36.83333,"POINT (-116.9667 36.83333)"
"flexuosus",-114.84361,36.35389,"POINT (-114.8436 36.35389)"
"flexuosus",-115.83944,35.78694,"POINT (-115.8394 35.78694)"
"flexuosus",-116.87969,36.69578,"POINT (-116.8797 36.69578)"
"flexuosus",-115.48017,35.8205,"POINT (-115.4802 35.8205)"
"flexuosus",-114.55194,34.16222,"POINT (-114.5519 34.16222)"
"flexuosus",-115.58333,35.55,"POINT (-115.5833 35.55)"
"flexuosus",-115.66972,35.73389,"POINT (-115.6697 35.73389)"
"flexuosus",-114.633333,38.45,"POINT (-114.6333 38.45)"
"flexuosus",-113.640834,37.395175,"POINT (-113.6408 37.39518)"
"flexuosus",-111.164215,35.048622,"POINT (-111.1642 35.04862)"
"flexuosus",-114.465339,37.780588,"POINT (-114.4653 37.78059)"
"flexuosus",-114.432774,36.715808,"POINT (-114.4328 36.71581)"
"flexuosus",-115.790097,35.399428,"POINT (-115.7901 35.39943)"
"flexuosus",-115.769105,35.696622,"POINT (-115.7691 35.69662)"
"flexuosus",-115.771462,35.69605,"POINT (-115.7715 35.69605)"
"flexuosus",-115.778638,35.702678,"POINT (-115.7786 35.70268)"
"flexuosus",-115.777853,35.702947,"POINT (-115.7779 35.70295)"
"flexuosus",-115.492625,36.151711,"POINT (-115.4926 36.15171)"
"flexuosus",-114.557304,38.774143,"POINT (-114.5573 38.77414)"
"flexuosus",-113.738053,37.280047,"POINT (-113.7381 37.28005)"
"flexuosus",-115.782728,35.696112,"POINT (-115.7827 35.69611)"
"flexuosus",-114.940467,36.32507,"POINT (-114.9405 36.32507)"
"flexuosus",-111.366,33.8837,"POINT (-111.366 33.8837)"
"flexuosus",-111.322,33.9347,"POINT (-111.322 33.9347)"
"flexuosus",-111.399,33.9269,"POINT (-111.399 33.9269)"
"flexuosus",-111.442,33.9172,"POINT (-111.442 33.9172)"
"flexuosus",-111.42,33.95,"POINT (-111.42 33.95)"
"flexuosus",-112.141,34.1909,"POINT (-112.141 34.1909)"
"flexuosus",-111.772,34.673,"POINT (-111.772 34.673)"
"flexuosus",-111.85,34.62,"POINT (-111.85 34.62)"
"flexuosus",-111.564,34.1458,"POINT (-111.564 34.1458)"
"flexuosus",-110.97,33.77,"POINT (-110.97 33.77)"
"flexuosus",-111.772,34.673,"POINT (-111.772 34.673)"
"flexuosus",-111.64,34.76,"POINT (-111.64 34.76)"
"flexuosus",-111.861,34.8975,"POINT (-111.861 34.8975)"
"flexuosus",-112.083,35.8333,"POINT (-112.083 35.8333)"
"flexuosus",-113.45,34.56,"POINT (-113.45 34.56)"
"flexuosus",-111.202,33.642,"POINT (-111.202 33.642)"
"flexuosus",-111.7,35.9667,"POINT (-111.7 35.9667)"
"flexuosus",-113.294,36.1723,"POINT (-113.294 36.1723)"
"flexuosus",-109.296,32.7951,"POINT (-109.296 32.7951)"
"flexuosus",-110.517,33.6008,"POINT (-110.517 33.6008)"
"flexuosus",-114.098693,34.281021,"POINT (-114.0987 34.28102)"
"flexuosus",-113.458,35.6104,"POINT (-113.458 35.6104)"
"flexuosus",-112.277,33.8776,"POINT (-112.277 33.8776)"
"flexuosus",-112.269,33.8533,"POINT (-112.269 33.8533)"
"flexuosus",-113.425,34.2959,"POINT (-113.425 34.2959)"
"flexuosus",-112.418,34.6147,"POINT (-112.418 34.6147)"
"flexuosus",-111.994,36.1915,"POINT (-111.994 36.1915)"
"flexuosus",-112.37,36.9455,"POINT (-112.37 36.9455)"
"flexuosus",-111.686,36.7811,"POINT (-111.686 36.7811)"
"flexuosus",-113.929,36.8872,"POINT (-113.929 36.8872)"
"flexuosus",-112.037,36.0822,"POINT (-112.037 36.0822)"
"flexuosus",-111.745,34.6941,"POINT (-111.745 34.6941)"
"flexuosus",-111.303,33.62,"POINT (-111.303 33.62)"
"flexuosus",-112.277,33.8776,"POINT (-112.277 33.8776)"
"flexuosus",-111.216,33.4732,"POINT (-111.216 33.4732)"
"flexuosus",-113.572,34.5377,"POINT (-113.572 34.5377)"
"flexuosus",-110.517,33.6008,"POINT (-110.517 33.6008)"
"flexuosus",-113.906,36.4186,"POINT (-113.906 36.4186)"
"flexuosus",-110.885,33.7629,"POINT (-110.885 33.7629)"
"flexuosus",-111.905,34.62,"POINT (-111.905 34.62)"
"flexuosus",-111.21,33.7916,"POINT (-111.21 33.7916)"
"flexuosus",-111.241,33.6891,"POINT (-111.241 33.6891)"
"flexuosus",-111.467,34.0093,"POINT (-111.467 34.0093)"
"flexuosus",-113.985,36.5786,"POINT (-113.985 36.5786)"
"flexuosus",-113.572,34.5377,"POINT (-113.572 34.5377)"
"flexuosus",-112.835,36.6075,"POINT (-112.835 36.6075)"
"flexuosus",-113.6,34.3683,"POINT (-113.6 34.3683)"
"flexuosus",-113.07,34.2272,"POINT (-113.07 34.2272)"
"flexuosus",-113.995,36.1853,"POINT (-113.995 36.1853)"
"flexuosus",-111.114,33.6485,"POINT (-111.114 33.6485)"
"flexuosus",-113.917,35.777,"POINT (-113.917 35.777)"
"flexuosus",-113.444,34.5452,"POINT (-113.444 34.5452)"
"flexuosus",-111.172,33.2792,"POINT (-111.172 33.2792)"
"flexuosus",-111.324,34.2308,"POINT (-111.324 34.2308)"
"flexuosus",-113.573,34.7133,"POINT (-113.573 34.7133)"
"flexuosus",-111.76,34.8552,"POINT (-111.76 34.8552)"
"flexuosus",-113.977,33.2742,"POINT (-113.977 33.2742)"
"flexuosus",-111.772,34.673,"POINT (-111.772 34.673)"
"flexuosus",-111.412,35.8758,"POINT (-111.412 35.8758)"
"flexuosus",-111.854,34.7087,"POINT (-111.854 34.7087)"
"flexuosus",-112.442848,34.86945,"POINT (-112.4428 34.86945)"
"flexuosus",-110.769,33.3811,"POINT (-110.769 33.3811)"
"flexuosus",-111.38064,34.03857,"POINT (-111.3806 34.03857)"
"flexuosus",-112.072998,34.84515,"POINT (-112.073 34.84515)"
"flexuosus",-111.33,33.68,"POINT (-111.33 33.68)"
"flexuosus",-114.20397,37.01153,"POINT (-114.204 37.01153)"
"flexuosus",-114.011733,36.638167,"POINT (-114.0117 36.63817)"
"flexuosus",-112.895767,36.885367,"POINT (-112.8958 36.88537)"
"flexuosus",-113.555667,36.798317,"POINT (-113.5557 36.79832)"
"flexuosus",-113.9767,36.61652,"POINT (-113.9767 36.61652)"
"flexuosus",-112.875617,36.597517,"POINT (-112.8756 36.59752)"
"flexuosus",-111.855483,37.118117,"POINT (-111.8555 37.11812)"
"flexuosus",-113.26035,37.09583,"POINT (-113.2604 37.09583)"
"flexuosus",-114.432774,36.715808,"POINT (-114.4328 36.71581)"
"flexuosus",-113.269044,37.08394,"POINT (-113.269 37.08394)"
"flexuosus",-115.933333,30.516667,"POINT (-115.9333 30.51667)"
"flexuosus",-116.175695,36.126249,"POINT (-116.1757 36.12625)"
"flexuosus",-115.281343,37.340433,"POINT (-115.2813 37.34043)"
"flexuosus",-115.393306,37.619474,"POINT (-115.3933 37.61947)"
"flexuosus",-109.978329,37.279305,"POINT (-109.9783 37.2793)"
"flexuosus",-111.76099,34.86974,"POINT (-111.761 34.86974)"
"flexuosus",-112.976303,37.19872,"POINT (-112.9763 37.19872)"
"flexuosus",-111.790008,34.737888,"POINT (-111.79 34.73789)"
"flexuosus",-115.555437,36.043472,"POINT (-115.5554 36.04347)"
"flexuosus",-114.420096,37.826618,"POINT (-114.4201 37.82662)"
"flexuosus",-115.496697,36.156883,"POINT (-115.4967 36.15688)"
"flexuosus",-115.496942,36.156578,"POINT (-115.4969 36.15658)"
"flexuosus",-111.718688,34.662238,"POINT (-111.7187 34.66224)"
"flexuosus",-115.440035,36.064508,"POINT (-115.44 36.06451)"
"flexuosus",-114.345314,36.915688,"POINT (-114.3453 36.91569)"
"flexuosus",-112.132713,36.069607,"POINT (-112.1327 36.06961)"
"flexuosus",-108.162535,36.759621,"POINT (-108.1625 36.75962)"
"flexuosus",-115.474661,36.126005,"POINT (-115.4747 36.126)"
"flexuosus",-113.647605,37.226303,"POINT (-113.6476 37.2263)"
"flexuosus",-115.47903,36.12326,"POINT (-115.479 36.12326)"
"flexuosus",-115.325037,36.004388,"POINT (-115.325 36.00439)"
"flexuosus",-114.006601,37.115471,"POINT (-114.0066 37.11547)"
"flexuosus",-115.451173,36.165007,"POINT (-115.4512 36.16501)"
"flexuosus",-116.105859,36.168063,"POINT (-116.1059 36.16806)"
"flexuosus",-116.105881,36.168328,"POINT (-116.1059 36.16833)"
"flexuosus",-115.421848,36.141479,"POINT (-115.4218 36.14148)"
"flexuosus",-109.8840694,37.2581819,"POINT (-109.8841 37.25818)"
"flexuosus",-108.58468,37.347019,"POINT (-108.5847 37.34702)"
"flexuosus",-111.788972,34.824192,"POINT (-111.789 34.82419)"
"flexuosus",-116.22934,36.09243,"POINT (-116.2293 36.09243)"
"flexuosus",-115.461667,36.156389,"POINT (-115.4617 36.15639)"
"flexuosus",-113.903011,37.027715,"POINT (-113.903 37.02772)"
"flexuosus",-113.829482,34.15145,"POINT (-113.8295 34.15145)"
"flexuosus",-115.466023,36.170495,"POINT (-115.466 36.1705)"
"flexuosus",-114.762275,36.447925,"POINT (-114.7623 36.44792)"
"flexuosus",-111.774448,34.823606,"POINT (-111.7744 34.82361)"
"flexuosus",-116.064864,35.860142,"POINT (-116.0649 35.86014)"
"flexuosus",-111.760165,36.745159,"POINT (-111.7602 36.74516)"
"flexuosus",-116.05954,35.884144,"POINT (-116.0595 35.88414)"
"flexuosus",-111.719089,34.469608,"POINT (-111.7191 34.46961)"
"flexuosus",-115.397262,36.045551,"POINT (-115.3973 36.04555)"
"flexuosus",-115.398718,36.043798,"POINT (-115.3987 36.0438)"
"flexuosus",-110.96146,33.73919,"POINT (-110.9615 33.73919)"
"flexuosus",-114.808578,36.552473,"POINT (-114.8086 36.55247)"
"flexuosus",-110.842622,33.375625,"POINT (-110.8426 33.37562)"
"flexuosus",-110.882703,33.672378,"POINT (-110.8827 33.67238)"
"flexuosus",-114.528587,36.488117,"POINT (-114.5286 36.48812)"
"flexuosus",-112.117897,34.475449,"POINT (-112.1179 34.47545)"
"flexuosus",-114.523645,36.485813,"POINT (-114.5236 36.48581)"
"flexuosus",-114.273445,36.778408,"POINT (-114.2734 36.77841)"
"flexuosus",-110.956556,33.562782,"POINT (-110.9566 33.56278)"
"flexuosus",-114.525169,36.469393,"POINT (-114.5252 36.46939)"
"flexuosus",-114.525972,36.47189,"POINT (-114.526 36.47189)"
"flexuosus",-111.236617,33.80277,"POINT (-111.2366 33.80277)"
"flexuosus",-111.114022,33.645237,"POINT (-111.114 33.64524)"
"flexuosus",-114.19527,34.510989,"POINT (-114.1953 34.51099)"
"flexuosus",-118.172,39.1363,"POINT (-118.172 39.1363)"
"flexuosus",-111.871,34.6174,"POINT (-111.871 34.6174)"
"flexuosus",-113.823684,36.981659,"POINT (-113.8237 36.98166)"
"flexuosus",-113,37.183333,"POINT (-113 37.18333)"
"flexuosus",-115.288056,37.694444,"POINT (-115.2881 37.69444)"
"flexuosus",-114.646389,38.131111,"POINT (-114.6464 38.13111)"
"flexuosus",-113.385278,36.554722,"POINT (-113.3853 36.55472)"
"flexuosus",-110.435833,37.742778,"POINT (-110.4358 37.74278)"
"flexuosus",-113.614444,37.018889,"POINT (-113.6144 37.01889)"
"flexuosus",-115.480278,35.820556,"POINT (-115.4803 35.82056)"
"flexuosus",-115.462384,36.053441,"POINT (-115.4624 36.05344)"
"flexuosus",-116.177913,36.15051,"POINT (-116.1779 36.15051)"
"flexuosus",-111.389287,33.964113,"POINT (-111.3893 33.96411)"
"flexuosus",-113.563537,37.105552,"POINT (-113.5635 37.10555)"
"flexuosus",-114.1568,36.5284,"POINT (-114.1568 36.5284)"
"flexuosus",-114.138762,36.5283,"POINT (-114.1388 36.5283)"
"flexuosus",-109.4847,37.4108,"POINT (-109.4847 37.4108)"
"flexuosus",-113.199867,37.103451,"POINT (-113.1999 37.10345)"
"flexuosus",-109.117498,36.936199,"POINT (-109.1175 36.9362)"
"flexuosus",-111.9693,37.1443,"POINT (-111.9693 37.1443)"
"flexuosus",-113.8464,38.62,"POINT (-113.8464 38.62)"
"flexuosus",-109.340065,37.512313,"POINT (-109.3401 37.51231)"
"flexuosus",-113.58,36.82,"POINT (-113.58 36.82)"
"flexuosus",-110.851261,37.616211,"POINT (-110.8513 37.61621)"
"flexuosus",-114.36,38.85,"POINT (-114.36 38.85)"
"flexuosus",-114.2292,36.7774,"POINT (-114.2292 36.7774)"
"flexuosus",-112.29828,40.509039,"POINT (-112.2983 40.50904)"
"flexuosus",-114.20397,37.01153,"POINT (-114.204 37.01153)"
"flexuosus",-114.3648,38.8161,"POINT (-114.3648 38.8161)"
"flexuosus",-110.805538,33.190918,"POINT (-110.8055 33.19092)"
"flexuosus",-113.972115,35.984186,"POINT (-113.9721 35.98419)"
"flexuosus",-110.6225,37.2088,"POINT (-110.6225 37.2088)"
"flexuosus",-110.4033,37.8947,"POINT (-110.4033 37.8947)"
"flexuosus",-113.93946,36.971949,"POINT (-113.9395 36.97195)"
"flexuosus",-109.29,32.79,"POINT (-109.29 32.79)"
"flexuosus",-111.498245,39.672478,"POINT (-111.4982 39.67248)"
"flexuosus",-114.6383,38.4417,"POINT (-114.6383 38.4417)"
"flexuosus",-112.830996,37.429462,"POINT (-112.831 37.42946)"
"flexuosus",-112.0203,34.6892,"POINT (-112.0203 34.6892)"
"flexuosus",-113.2052,36.1723,"POINT (-113.2052 36.1723)"
"flexuosus",-109.362172,32.83348,"POINT (-109.3622 32.83348)"
"flexuosus",-113.5776,37.1348,"POINT (-113.5776 37.1348)"
"flexuosus",-112.440244,36.429702,"POINT (-112.4402 36.4297)"
"flexuosus",-113.6698,37.2941,"POINT (-113.6698 37.2941)"
"flexuosus",-111.220791,36.642962,"POINT (-111.2208 36.64296)"
"flexuosus",-114.25753,37.06661,"POINT (-114.2575 37.06661)"
"flexuosus",-113.6698,37.2941,"POINT (-113.6698 37.2941)"
"flexuosus",-116.634575,36.849581,"POINT (-116.6346 36.84958)"
"flexuosus",-113.2667,37.2,"POINT (-113.2667 37.2)"
"flexuosus",-113.563537,37.105552,"POINT (-113.5635 37.10555)"
"flexuosus",-111.9512,37.2449,"POINT (-111.9512 37.2449)"
"flexuosus",-113.701586,34.901739,"POINT (-113.7016 34.90174)"
"flexuosus",-111.91375,37.16511,"POINT (-111.9137 37.16511)"
"flexuosus",-109.867066,37.151946,"POINT (-109.8671 37.15195)"
"flexuosus",-113.896524,36.902838,"POINT (-113.8965 36.90284)"
"flexuosus",-115.28819,37.69469,"POINT (-115.2882 37.69469)"
"flexuosus",-115.6557,37.6142,"POINT (-115.6557 37.6142)"
"flexuosus",-113.584123,37.104148,"POINT (-113.5841 37.10415)"
"flexuosus",-111.883474,34.568661,"POINT (-111.8835 34.56866)"
"flexuosus",-113.958291,36.256656,"POINT (-113.9583 36.25666)"
"flexuosus",-116.03297,35.950035,"POINT (-116.033 35.95003)"
"flexuosus",-113.5137,36.9827,"POINT (-113.5137 36.9827)"
"flexuosus",-114.64639,38.13117,"POINT (-114.6464 38.13117)"
"flexuosus",-113.4485,37.16375,"POINT (-113.4485 37.16375)"
"flexuosus",-108.7236,32.6981,"POINT (-108.7236 32.6981)"
"flexuosus",-113.6883,37.352,"POINT (-113.6883 37.352)"
"flexuosus",-113.2052,36.1578,"POINT (-113.2052 36.1578)"
"flexuosus",-112.158072,34.047539,"POINT (-112.1581 34.04754)"
"flexuosus",-113.072586,34.467719,"POINT (-113.0726 34.46772)"
"flexuosus",-111.19501,33.67296,"POINT (-111.195 33.67296)"
"flexuosus",-111.370589,34.037328,"POINT (-111.3706 34.03733)"
"flexuosus",-115.382058,33.617394,"POINT (-115.3821 33.61739)"
"flexuosus",-116.236178,36.110067,"POINT (-116.2362 36.11007)"
"flexuosus",-112.442848,34.86945,"POINT (-112.4428 34.86945)"
"flexuosus",-111.787277,36.747922,"POINT (-111.7873 36.74792)"
"flexuosus",-111.443279,33.892036,"POINT (-111.4433 33.89204)"
"flexuosus",-114.410008,36.543325,"POINT (-114.41 36.54333)"
"flexuosus",-116.997379,36.827618,"POINT (-116.9974 36.82762)"
"flexuosus",-113.5729,34.7133,"POINT (-113.5729 34.7133)"
"flexuosus",-113.5996,34.3683,"POINT (-113.5996 34.3683)"
"flexuosus",-111.39773,37.062956,"POINT (-111.3977 37.06296)"
"flexuosus",-110.81,33.36,"POINT (-110.81 33.36)"
"flexuosus",-111.76028,34.86972,"POINT (-111.7603 34.86972)"
"flexuosus",-117.07972,34.52056,"POINT (-117.0797 34.52056)"
"flexuosus",-112.123119,36.084658,"POINT (-112.1231 36.08466)"
"flexuosus",-112.13528,33.91583,"POINT (-112.1353 33.91583)"
"flexuosus",-111.753712,34.499919,"POINT (-111.7537 34.49992)"
"flexuosus",-112.035892,36.956896,"POINT (-112.0359 36.9569)"
"flexuosus",-113.3205422,36.1203969,"POINT (-113.3205 36.1204)"
"flexuosus",-112.101683,34.101183,"POINT (-112.1017 34.10118)"
"flexuosus",-111.895,34.5622,"POINT (-111.895 34.5622)"
"flexuosus",-110.8132,37.09388,"POINT (-110.8132 37.09388)"
"flexuosus",-111.764767,34.53955,"POINT (-111.7648 34.53955)"
"flexuosus",-113.826669,37.014029,"POINT (-113.8267 37.01403)"
"flexuosus",-113.798583,34.955883,"POINT (-113.7986 34.95588)"
"flexuosus",-113.865833,37.027517,"POINT (-113.8658 37.02752)"
"flexuosus",-113.927283,37.0839,"POINT (-113.9273 37.0839)"
"flexuosus",-112.373389,36.20275,"POINT (-112.3734 36.20275)"
"flexuosus",-111.971389,36.017778,"POINT (-111.9714 36.01778)"
"flexuosus",-112.0711,36.13334,"POINT (-112.0711 36.13334)"
"flexuosus",-112.1211,36.14567,"POINT (-112.1211 36.14567)"
"flexuosus",-108.952,32.644,"POINT (-108.952 32.644)"
"flexuosus",-108.22889,36.770038,"POINT (-108.2289 36.77004)"
"flexuosus",-108.117,36.845,"POINT (-108.117 36.845)"
"flexuosus",-108.809733,32.581911,"POINT (-108.8097 32.58191)"
"flexuosus",-108.516822,36.811201,"POINT (-108.5168 36.8112)"
"flexuosus",-109.045185,36.99898,"POINT (-109.0452 36.99898)"
"flexuosus",-113.59892,37.131125,"POINT (-113.5989 37.13112)"
"flexuosus",-111.821159,34.884373,"POINT (-111.8212 34.88437)"
"flexuosus",-109.4706,37.5182,"POINT (-109.4706 37.5182)"
"flexuosus",-108.815,32.615,"POINT (-108.815 32.615)"
"flexuosus",-114.533458,36.486094,"POINT (-114.5335 36.48609)"
"flexuosus",-115.452425,36.089927,"POINT (-115.4524 36.08993)"
"flexuosus",-115.420282,36.158771,"POINT (-115.4203 36.15877)"
"flexuosus",-112.981069,37.201708,"POINT (-112.9811 37.20171)"
"flexuosus",-110.875912,33.479378,"POINT (-110.8759 33.47938)"
"flexuosus",-115.395453,36.064118,"POINT (-115.3955 36.06412)"
"flexuosus",-115.513431,35.81828,"POINT (-115.5134 35.81828)"
"flexuosus",-115.73144,36.422142,"POINT (-115.7314 36.42214)"
"flexuosus",-113.170917,37.20562,"POINT (-113.1709 37.20562)"
"flexuosus",-113.10228,37.27034,"POINT (-113.1023 37.27034)"
"flexuosus",-115.453023,36.069684,"POINT (-115.453 36.06968)"
"flexuosus",-109.30885,32.96408,"POINT (-109.3089 32.96408)"
"flexuosus",-111.681747,34.679783,"POINT (-111.6817 34.67978)"
"flexuosus",-115.421741,36.148345,"POINT (-115.4217 36.14834)"
"flexuosus",-113.795508,36.951622,"POINT (-113.7955 36.95162)"
"flexuosus",-114.531866,36.241928,"POINT (-114.5319 36.24193)"
"flexuosus",-114.54631,36.417444,"POINT (-114.5463 36.41744)"
"flexuosus",-114.557791,36.422544,"POINT (-114.5578 36.42254)"
"flexuosus",-114.468725,37.77932,"POINT (-114.4687 37.77932)"
"flexuosus",-114.448523,36.543634,"POINT (-114.4485 36.54363)"
"flexuosus",-114.448523,36.543634,"POINT (-114.4485 36.54363)"
"flexuosus",-114.448523,36.543634,"POINT (-114.4485 36.54363)"
"flexuosus",-114.744971,35.260552,"POINT (-114.745 35.26055)"
"flexuosus",-112.114654,36.091529,"POINT (-112.1147 36.09153)"
"flexuosus",-110.880714,33.866833,"POINT (-110.8807 33.86683)"
"flexuosus",-112.23753,36.082506,"POINT (-112.2375 36.08251)"
"flexuosus",-111.762821,36.05426,"POINT (-111.7628 36.05426)"
"flexuosus",-112.018061,34.764038,"POINT (-112.0181 34.76404)"
"flexuosus",-108.251,36.7449,"POINT (-108.251 36.7449)"
"flexuosus",-115.462355,36.103035,"POINT (-115.4624 36.10303)"
"flexuosus",-114.532215,36.242079,"POINT (-114.5322 36.24208)"
"flexuosus",-114.53329,36.48735,"POINT (-114.5333 36.48735)"
"flexuosus",-115.427884,36.135739,"POINT (-115.4279 36.13574)"
"flexuosus",-115.113373,36.617732,"POINT (-115.1134 36.61773)"
"flexuosus",-115.420081,36.144831,"POINT (-115.4201 36.14483)"
"flexuosus",-112.129533,36.0751,"POINT (-112.1295 36.0751)"
"flexuosus",-115.441045,36.138792,"POINT (-115.441 36.13879)"
"flexuosus",-115.427003,36.150876,"POINT (-115.427 36.15088)"
